match_id,player_slot,radiant_win,duration,game_mode,lobby_type,hero_id,start_time,version,kills,deaths,assists,skill,leaver_status,party_size

3774360876,130,True,2785,22,7,8,1520704358,21,9,17,6,,0,1

3774263638,4,True,2804,22,7,104,1520700939,21,6,6,9,,0,1

3774176478,3,True,2637,22,7,2,1520697758,21,6,8,27,,0,1

3772197328,129,False,2039,22,7,12,1520608076,21,3,2,9,1,0,2

3772102686,129,True,2529,22,7,119,1520604984,21,3,7,9,1,0,2

3770168166,128,False,3971,22,0,13,1520510489,21,10,20,24,,0,4

3770094718,130,True,2339,22,7,46,1520507647,21,1,10,5,1,0,3

3766070842,3,False,1876,22,7,57,1520276827,,0,6,2,1,0,2

3765998593,130,False,3370,22,7,13,1520273144,,11,16,14,,0,

3765936783,2,True,2370,22,7,13,1520270164,,6,11,21,1,0,

3755976712,130,True,4122,22,7,16,1519756007,,6,23,24,,0,

3755898369,2,True,2792,22,7,16,1519752338,,3,10,26,,0,

3748619988,132,False,1875,4,0,1,1519389771,21,6,3,16,1,0,5

3746680975,2,False,3357,22,7,76,1519291093,21,12,14,17,1,0,1

3746561786,4,True,2300,22,7,56,1519285163,21,13,6,5,1,0,1

3745171201,3,False,1973,22,7,13,1519207164,21,2,11,5,1,0,2

3745099486,130,True,1896,22,7,114,1519203551,21,1,11,1,1,0,2

3744834494,130,False,2052,22,7,114,1519188479,21,4,9,11,1,0,2

3741238094,0,True,3265,22,7,2,1518979448,21,8,14,16,,0,2

3741161334,3,False,2912,22,7,63,1518975989,21,7,12,15,,0,2

3731048813,129,True,3187,22,7,12,1518456347,21,9,6,15,1,2,3

3730981766,130,True,2367,22,0,13,1518453396,21,11,9,11,1,0,4

3729380839,0,True,2160,22,7,71,1518368781,21,4,7,26,1,0,3

3726907188,130,False,2581,22,7,16,1518264518,21,6,5,23,1,0,3

3726837024,132,False,1933,22,7,114,1518262031,21,3,7,15,1,0,3

3726695508,129,True,3441,22,7,114,1518256553,21,7,11,16,,0,1

3726562134,128,True,2981,22,7,114,1518251193,21,6,14,15,1,0,1

3723765503,129,False,1809,22,7,93,1518104117,21,7,4,12,1,0,1

3723684267,0,False,2460,22,7,5,1518101144,21,4,15,16,1,0,1

3723429361,130,False,2613,22,7,16,1518092259,21,10,9,35,1,0,1

3723140979,130,False,2834,22,7,120,1518079303,21,5,13,21,1,0,1

3723060523,3,True,2534,22,7,93,1518074969,21,33,8,15,,0,1

3722136985,2,True,2791,4,0,112,1518018088,21,1,12,20,1,0,4

3722046863,1,True,2387,4,0,46,1518014757,21,6,5,10,1,0,3

3721427949,130,True,2505,4,0,25,1517989043,21,6,13,18,1,0,5

3721385525,2,True,1978,4,0,96,1517986608,21,6,5,20,1,0,4

3720577147,132,True,2357,22,7,76,1517934237,21,4,13,9,,0,3

3720470603,1,True,3141,22,7,120,1517930041,21,4,10,22,1,0,3

3720169380,1,False,2818,22,7,36,1517919307,21,12,11,24,,0,1

3720095433,0,True,1992,22,7,76,1517916397,21,8,3,16,1,0,1

3720025495,129,True,2056,22,7,63,1517913414,21,6,9,8,1,0,1

3719940185,132,True,2480,22,7,43,1517909484,21,8,11,20,1,0,1

3719861644,1,True,2208,22,7,93,1517905467,21,6,5,12,1,0,1

3719811320,128,False,1943,22,7,5,1517902694,21,5,6,15,1,0,1

3718909539,1,False,2958,22,7,114,1517845279,21,6,13,16,,0,1

3718823966,131,False,2158,22,7,46,1517842104,21,8,6,14,,0,1

3718342825,3,False,2624,22,0,14,1517823622,21,9,18,27,1,0,1

3718274999,1,True,2791,22,0,14,1517820271,21,5,12,19,1,0,1

3717506003,3,True,1897,4,0,106,1517769483,21,4,7,14,1,0,4

3717433930,4,True,2663,4,0,67,1517766325,21,12,10,19,1,0,4

3717311367,130,False,3379,22,0,9,1517761455,21,6,14,16,1,0,3

3717194002,129,False,2802,22,7,64,1517757284,21,0,6,13,,0,5

3717032108,129,False,3274,2,7,26,1517752110,21,3,12,26,,0,3

3716842944,131,False,1335,4,0,6,1517746256,21,3,3,12,1,0,5

3716721361,3,True,1969,22,7,76,1517742113,21,4,2,9,,0,1

3715024048,0,False,2214,22,0,34,1517667148,21,6,12,4,1,0,1

3712292397,131,False,2298,4,0,2,1517545909,21,13,9,15,1,0,5

3712234349,3,False,1605,22,0,74,1517541849,21,1,8,2,1,0,1

3711643943,1,False,2806,22,0,44,1517503494,21,10,11,9,1,0,4

3711543107,129,False,3430,22,0,114,1517499557,21,6,10,19,,0,2

3711458818,3,True,2555,22,0,76,1517496512,21,10,5,18,1,0,2

3711199637,131,True,2516,22,0,3,1517487660,21,3,11,14,1,0,2

3709839486,4,False,2032,22,7,87,1517412468,21,3,11,6,,1,1

3708253403,132,True,2341,22,7,23,1517330151,21,2,12,7,,0,2

3708116987,1,True,1964,22,7,76,1517324941,21,5,2,6,,0,1

3707731760,1,False,2804,22,0,120,1517311641,21,10,11,10,1,0,3

3707650052,132,False,2969,22,0,114,1517308217,21,12,10,22,1,0,2

3707480720,3,False,3241,4,0,98,1517300239,21,3,15,16,1,0,5

3707437179,3,True,1877,4,0,26,1517297994,21,3,5,22,1,0,5

3706809964,128,True,2693,4,0,62,1517254576,21,7,17,9,1,0,4

3706747284,1,False,2663,4,0,56,1517251398,21,5,11,12,1,0,4

3706677800,2,False,2837,4,0,97,1517248168,21,2,12,18,1,0,3

3706421172,132,True,2728,4,0,20,1517237896,21,5,14,23,1,0,5

3706325304,3,False,2752,4,0,112,1517234608,21,2,15,23,1,0,5

3704930129,128,False,2704,22,7,63,1517159789,21,4,3,26,,0,3

3704835755,131,True,3081,22,0,108,1517156173,21,4,10,15,1,0,4

3704740131,129,False,2844,22,0,93,1517152803,21,11,5,18,,0,4

3702227750,128,True,2558,22,0,10,1517053427,21,4,6,16,1,0,1

3702086083,2,True,2617,22,7,63,1517048346,21,18,3,26,,0,2

3702006687,2,False,2180,22,7,104,1517045372,21,6,10,14,,0,3

3701886074,1,False,3972,22,7,67,1517040751,21,16,7,41,,0,3

3701568482,132,False,2585,22,0,120,1517027292,21,5,8,6,1,0,2

3701496791,3,True,2266,22,0,114,1517023522,21,3,7,10,1,0,2

3700976445,3,False,3240,22,7,46,1516992372,21,16,14,8,,0,1

3700890524,2,True,3104,22,0,114,1516988795,21,16,10,23,,0,1

3700796133,128,False,2549,22,7,36,1516985294,21,9,6,29,,0,2

3700547056,132,False,2980,22,7,76,1516977016,21,13,8,16,,0,5

3700460688,3,True,2176,22,7,63,1516974380,21,18,3,16,,0,5

3700231091,4,True,2785,22,7,36,1516967007,21,15,9,27,,0,5

3700165684,4,True,2072,22,7,93,1516964493,21,4,3,20,,0,5

3699024231,130,False,3371,22,0,76,1516900110,21,20,11,21,1,0,3

3698942778,131,True,2813,4,0,110,1516896827,21,9,10,22,1,0,4

3698868719,130,False,2396,4,0,104,1516894047,21,9,10,10,1,0,4

3698522845,129,False,3288,22,0,114,1516882459,21,7,9,27,1,0,1

3697499332,0,False,3383,22,7,46,1516821374,21,17,11,14,,0,1

3696562865,2,False,2928,22,7,46,1516784318,21,5,7,6,,0,5

3696507072,130,False,1615,22,7,5,1516782118,21,7,5,9,,0,5

3696419794,130,True,3201,22,7,5,1516778384,21,6,17,25,,0,3

3696259459,131,False,2271,22,7,120,1516768623,21,8,3,11,,0,1

3695702305,4,True,2139,22,7,120,1516729679,21,7,4,25,,0,5

3695645662,4,True,1521,22,7,76,1516727238,21,4,1,9,,1,5

3695152003,131,False,2278,4,0,109,1516709509,21,10,14,10,1,0,5

3695064219,2,True,2003,4,0,93,1516706160,21,13,3,11,1,0,4

3694935695,131,True,2574,22,7,34,1516700565,21,9,9,16,,0,5

3694886672,129,False,1696,22,7,76,1516698280,21,17,2,21,,0,2

3694839993,132,False,1658,22,7,114,1516696058,21,11,5,15,,0,2

3694116449,130,False,2691,4,0,120,1516649053,21,13,9,18,1,0,3

3694066773,131,False,2194,4,0,96,1516646597,21,3,10,16,1,0,4

3694008069,132,False,2125,4,0,18,1516643860,21,7,5,16,1,0,4

3693960527,132,True,1702,4,0,25,1516641757,21,5,5,10,1,0,5

3693864543,4,False,3673,4,0,21,1516637764,21,4,10,18,,0,5

3693803054,130,False,2006,4,0,45,1516635364,21,6,4,14,1,0,5

3693739980,129,False,1880,4,0,90,1516633053,21,2,2,9,1,0,3

3693661388,132,False,2302,4,0,4,1516630295,21,12,7,15,1,0,2

3693401107,3,False,1461,4,0,44,1516621306,21,1,2,0,1,2,4

3692235929,128,False,1917,4,0,70,1516555328,21,6,7,7,1,0,2

3692156948,2,False,2635,4,0,2,1516552240,21,4,12,8,1,0,3

3692100093,1,True,1752,4,0,36,1516550141,21,13,3,12,1,0,4

3692039290,131,False,1707,4,0,58,1516548041,21,6,4,5,1,0,3

3688068830,129,False,2683,4,0,63,1516379916,21,17,9,16,1,0,3

3688001817,129,False,1993,4,0,87,1516377598,21,4,6,32,1,0,3

3687901806,129,False,2276,4,0,109,1516374341,21,6,9,12,1,0,3

3687835028,3,True,1691,4,0,37,1516372245,21,4,2,18,1,0,3

3687781461,1,True,1395,4,0,8,1516370604,21,3,7,13,1,0,3

3687602198,3,False,1339,22,7,28,1516364929,21,0,5,2,,2,3

3687457255,131,False,2007,22,7,2,1516359592,21,16,8,21,,0,2

3687214330,1,True,3311,4,0,97,1516348642,21,5,11,23,1,0,2

3687160142,132,True,2111,4,0,79,1516346047,21,2,9,6,1,0,2

3687109674,1,True,2263,4,0,11,1516343495,21,9,8,19,1,0,2

3686343751,1,False,2518,4,0,22,1516296047,21,5,16,17,1,0,4

3686252603,0,True,3004,4,0,75,1516292639,21,3,13,27,1,0,5

3686129663,129,True,3478,4,0,43,1516288370,21,17,12,20,1,0,4

3685754520,3,True,2846,4,0,119,1516275365,21,3,12,16,1,0,2

3685693134,2,True,2212,4,0,11,1516272830,21,8,10,10,1,0,2

3685648362,130,True,2916,22,0,114,1516270813,21,1,5,5,1,3,4

3685498431,1,False,3557,22,0,36,1516263617,21,22,16,25,1,2,2

3685436859,4,True,2660,22,0,93,1516260461,21,12,9,19,1,0,2

3684585914,130,True,2707,22,0,76,1516207820,21,6,10,7,1,0,1

3684512803,129,False,2351,22,0,108,1516204754,21,6,6,22,1,0,1

3683020200,0,True,2533,22,0,76,1516123641,21,7,8,12,1,0,1

3682753304,131,True,3686,22,0,34,1516113887,21,4,15,10,1,0,4

3681981139,132,False,3399,22,0,34,1516081545,21,10,8,29,1,0,1

3669885822,131,True,3137,22,0,76,1515510274,21,17,11,15,,0,1

3669495517,2,False,1607,4,0,7,1515496743,21,3,13,6,1,0,3

3669382997,2,False,2841,22,7,84,1515492145,21,1,18,7,,0,3

3668422725,132,False,2673,22,0,76,1515434904,21,15,6,17,1,0,1

3668352851,1,True,2435,22,0,114,1515431891,21,11,11,15,,0,1

3668270849,129,False,2657,22,0,32,1515428626,21,10,8,12,1,0,1

3667732756,132,False,3298,22,0,120,1515410258,21,16,13,19,,0,2

3667639939,4,True,3005,22,0,7,1515406630,21,1,8,19,1,0,2

3667526913,131,True,2336,22,0,34,1515401790,21,2,12,9,1,0,1

3664518932,3,True,2295,22,0,88,1515260682,21,2,6,8,1,0,3

3664437464,131,False,2280,22,0,36,1515257801,21,20,4,25,1,0,3

3662378981,132,True,2509,22,7,34,1515171096,21,7,13,14,,0,1

3657392051,1,False,3239,22,0,93,1514948715,21,10,10,15,1,0,5

3656832951,4,True,2014,22,0,8,1514916397,21,7,3,16,1,0,5

3654824417,0,False,3880,22,7,5,1514826202,21,6,15,18,,0,1

3653079406,3,True,3201,4,0,13,1514745730,21,2,11,18,1,0,4

3652975010,1,True,2486,4,0,63,1514741515,21,13,4,17,1,0,2

3652863492,0,False,2086,22,0,34,1514737304,21,3,9,1,1,0,1

3652117781,132,False,3070,22,0,120,1514710831,21,12,19,18,1,0,1

3647952076,129,False,2612,22,0,2,1514535319,21,6,10,21,1,0,3

3647835104,0,True,2331,4,0,34,1514530489,21,8,9,26,1,0,5

3647777229,0,True,2036,4,0,76,1514527899,21,6,3,21,1,0,5

3647625489,2,True,2546,22,0,93,1514520059,21,18,5,18,1,0,2

3646928596,132,False,2933,22,0,39,1514481134,21,12,11,16,1,0,4

3646730874,4,True,1927,4,0,89,1514474119,21,5,4,23,1,0,5

3646651834,4,True,1950,4,0,12,1514471609,21,5,5,13,1,0,5

3646270925,130,True,3426,4,0,120,1514459241,21,19,14,20,1,0,3

3646102100,0,False,3956,4,0,71,1514452591,21,9,13,43,1,0,3

3646041813,128,True,2003,4,0,13,1514450086,21,4,16,12,1,0,3

3644854204,132,False,2214,4,0,31,1514389406,21,1,13,14,1,0,4

3644761066,3,True,1897,4,0,27,1514386343,21,0,6,15,1,0,5

3644678586,3,True,2194,4,0,26,1514383794,21,3,7,21,1,0,5

3644390927,128,True,1277,22,7,76,1514374714,21,0,3,0,,2,2

3644255343,1,True,4730,22,7,39,1514369444,21,17,15,22,,0,2

3643157515,132,True,4290,22,0,99,1514312075,21,5,18,17,1,0,5

3642860440,132,False,2949,22,0,34,1514301085,21,3,15,18,,0,2

3642393985,4,False,3141,22,0,93,1514286415,21,6,10,13,1,0,3

3642004061,129,False,2472,22,0,74,1514270392,21,11,2,18,1,0,1

3640863337,128,True,2081,4,0,76,1514213261,21,5,14,8,1,0,3

3640774865,128,True,2229,4,0,20,1514210529,21,6,12,11,1,0,2

3640444822,128,True,1796,22,7,11,1514199900,21,4,7,6,,0,1

3637734649,2,True,2856,22,7,87,1514088967,21,5,11,36,,0,1

3637046016,130,True,2821,22,0,104,1514052943,21,9,15,10,,0,3

3636722750,132,True,2001,22,0,76,1514042683,21,2,11,5,1,1,5

3636616910,132,False,2343,22,0,11,1514039772,21,9,7,12,1,2,5

3633885885,1,False,2932,22,0,8,1513930588,21,7,11,12,1,0,2

3633832491,3,True,1678,22,0,11,1513928233,21,12,6,12,1,0,2

3632320360,132,True,2587,22,0,86,1513856832,21,4,14,13,1,0,5

3632242939,132,False,2436,22,0,34,1513853932,21,12,3,27,1,0,5

3630906601,2,False,2232,22,7,11,1513791002,21,2,9,5,,0,1

3630732844,130,False,3435,22,7,18,1513784431,21,7,21,20,,0,1

3630527602,2,True,2592,22,0,11,1513777789,21,12,8,12,1,0,1

3630044195,128,True,2495,22,7,36,1513762384,21,5,7,12,,0,1

3629939141,131,False,3451,22,0,88,1513758372,21,3,13,26,,0,3

3629652887,1,True,1696,22,7,93,1513747658,21,11,5,5,,0,1

3628767268,1,False,2895,22,7,34,1513700746,21,14,9,10,,0,1

3628703137,0,True,1607,22,7,34,1513698453,21,10,4,11,,0,1

3628294033,129,False,2898,22,7,46,1513685509,21,10,7,15,,0,1

3628174048,4,False,1714,22,7,76,1513681158,21,6,9,4,,0,1

3627626397,130,False,2969,22,7,93,1513657760,21,15,7,27,,0,1

3626783167,130,False,2761,22,7,10,1513615116,21,5,6,16,,0,1

3626496868,3,False,2321,22,0,36,1513605765,21,2,15,9,1,0,4

3626041198,132,False,1912,22,7,93,1513590193,21,8,2,10,,0,1

3624907585,0,False,3082,22,7,93,1513531841,21,15,16,14,,0,1

3622583935,4,False,1998,22,7,119,1513446420,21,4,10,11,,0,5

3622481430,4,True,2227,22,7,36,1513443307,21,7,7,14,,0,5

3622394619,4,True,1856,22,7,36,1513440853,21,5,5,17,,0,5

3621613217,1,False,1916,22,0,93,1513420464,21,5,11,6,1,0,3

3621310124,131,True,2364,22,0,76,1513410603,21,3,11,7,1,0,5

3621202212,132,False,3146,22,0,104,1513406908,21,14,10,14,1,0,5

3621110560,132,False,2970,4,0,56,1513403538,21,8,13,16,,0,5

3620962259,3,True,1810,22,7,93,1513397384,21,16,4,15,,0,1

3620903051,130,True,2345,22,7,93,1513394638,21,8,14,8,,0,1

3620277563,131,False,2818,22,7,93,1513363778,21,16,5,20,,0,1

3620030936,2,True,2258,22,7,36,1513356106,21,10,8,12,,0,5

3619893439,0,True,2608,4,0,93,1513352370,21,38,4,8,1,0,1

3619766159,131,False,2329,4,0,36,1513349165,21,12,8,10,1,0,1

3619146308,131,False,1646,4,0,93,1513331629,21,12,3,10,1,0,4

3618870281,132,False,2696,4,0,17,1513321166,21,3,7,19,1,0,3

3617729751,2,False,3408,4,0,34,1513262565,21,8,12,12,1,0,5

3617587203,0,True,2155,4,0,90,1513257906,21,5,11,15,1,0,5

3617420556,4,True,1951,4,0,104,1513252080,21,8,2,30,1,0,5

3617350036,131,False,1922,4,0,89,1513249351,21,10,6,28,1,0,5

3616181742,4,False,3277,4,0,27,1513182747,21,1,6,2,1,3,1

3615601054,132,True,3094,22,7,67,1513161431,21,13,10,15,,0,1

3614463443,0,False,1940,22,7,67,1513100407,21,4,12,8,,0,1

3614087803,131,False,3200,22,0,86,1513090394,21,11,15,30,,0,4

3614011784,131,False,1533,22,0,36,1513088440,21,19,0,33,1,0,4

3613904612,131,True,2342,22,0,36,1513085626,21,17,9,9,1,0,5

3613463060,1,True,2198,22,0,46,1513070402,21,12,3,6,1,0,1

3613401187,3,False,2071,22,7,76,1513067594,21,4,11,5,,0,1

3613342751,129,True,2196,22,7,104,1513064751,21,5,9,9,,2,1

3612494951,130,False,2417,22,7,99,1513016803,21,11,12,24,,0,1

3612431969,129,True,2206,22,7,10,1513013885,21,2,9,9,,0,1

3612172391,1,True,4014,22,7,67,1513003517,21,17,16,24,,0,1

3612111643,2,True,1527,22,7,10,1513001460,21,8,0,16,,0,1

3611752830,129,True,2410,22,7,34,1512988445,21,6,13,7,,0,1

3611586919,0,False,3360,22,7,76,1512980746,21,3,10,16,,0,1

3611509273,4,True,2764,22,7,76,1512976971,21,7,7,16,,0,1

3611314655,130,False,2788,22,0,11,1512966017,21,5,10,11,1,0,3

3609469154,131,True,2859,22,7,93,1512890419,21,6,17,7,,0,1

3608282814,131,True,3273,22,0,119,1512837299,21,3,18,18,,0,5

3595246031,132,True,2124,22,7,11,1512233054,21,8,10,6,,0,1

3595120568,131,False,3202,22,0,60,1512229276,21,2,13,16,1,0,5

3594445919,0,False,2991,22,0,32,1512209400,21,2,16,10,1,0,4

3594317372,2,True,1518,22,0,99,1512204782,21,1,3,6,1,0,4

3594231284,3,False,2272,22,0,93,1512201713,21,5,11,8,1,0,3

3594074977,3,True,1570,22,0,76,1512195838,21,3,2,2,1,0,3

3593421868,1,False,3940,22,0,104,1512159678,21,7,17,21,1,0,3

3593344469,131,True,3296,22,0,76,1512155859,21,14,7,22,1,0,3

3592582198,4,True,2220,22,0,13,1512129975,21,1,6,5,1,0,2

3592499194,4,True,2330,22,0,119,1512127075,21,8,12,19,1,0,2

3592266013,128,True,2656,22,7,93,1512117473,21,5,15,13,,0,1

3591159072,3,False,3067,22,0,76,1512056480,21,7,17,6,,0,3

3590486124,128,True,2161,22,0,93,1512032919,21,2,15,3,1,0,3

3590417991,130,True,2077,22,7,119,1512029862,21,4,14,5,,0,2

3590356415,129,False,2434,22,0,9,1512026963,21,1,12,14,1,0,2

3589426266,2,False,1690,22,0,104,1511973216,21,0,8,1,,3,3

3589325631,129,True,2543,22,7,43,1511969429,21,6,10,4,,0,1

3589114332,0,True,3485,22,7,21,1511962524,21,6,13,27,,0,1

3587807124,0,True,2488,4,0,40,1511889455,21,9,8,23,1,0,2

3587695033,130,False,3839,4,0,104,1511884876,21,16,10,15,1,0,3

3587629306,4,False,1958,4,0,32,1511882418,21,2,12,6,1,0,5

3586729491,2,False,3692,22,7,93,1511843969,21,22,12,20,,0,1

3585956219,132,False,3984,22,0,34,1511797453,21,14,17,18,1,0,5

3585842615,1,False,2185,22,0,34,1511793491,21,5,16,9,1,0,5

3585396615,2,True,1921,22,7,63,1511777614,21,5,8,14,,0,1

3584483282,1,True,2779,22,7,67,1511722493,21,6,8,16,,0,1

3584425276,1,False,2056,22,7,39,1511719971,21,3,10,3,,0,1

3584338799,2,True,1665,22,7,36,1511716469,21,5,1,24,,0,1

3583842586,1,False,2632,22,7,76,1511700733,21,13,8,8,,0,1

3583478135,132,True,2493,22,7,76,1511689022,21,10,8,6,,0,1

3583393806,131,False,1583,22,7,76,1511686127,21,15,0,11,,0,1

3583240400,1,False,2780,22,7,67,1511680863,21,6,7,16,,0,1

3582961314,2,True,1925,22,7,76,1511669713,21,15,2,7,,0,1

3582351770,2,True,2293,22,7,67,1511636805,21,9,10,16,,0,1

3582294036,2,True,1495,22,7,63,1511634569,21,10,2,12,,0,1

3580931560,0,True,2445,22,0,119,1511591266,21,9,10,9,1,0,4

3580778224,131,False,2206,22,0,2,1511584538,21,8,4,17,1,0,4

3580716063,132,False,2342,4,0,31,1511581401,21,17,5,25,1,0,3

3580015185,129,True,1710,4,0,114,1511543410,21,2,12,5,1,0,2

3579923358,2,False,2665,4,0,93,1511540215,21,10,11,17,1,0,2

3579803577,132,False,3104,4,0,112,1511536446,21,2,16,28,1,0,3

3579716817,1,True,2181,4,0,6,1511533898,21,7,8,6,1,0,3

3579613001,1,True,2621,4,0,83,1511530941,21,4,8,22,1,0,3

3579287247,0,False,3001,4,0,46,1511520222,21,10,13,7,1,0,1

3579231147,0,False,2069,4,0,100,1511517864,21,4,10,7,1,0,1

3579162557,3,True,1899,4,0,17,1511514806,21,4,3,9,1,0,1

3579118679,132,True,1572,4,0,95,1511512848,21,7,7,8,1,0,4

3579026951,4,False,1815,4,0,46,1511508597,21,3,6,2,1,0,1

3578812575,3,False,1732,4,0,8,1511497215,21,4,8,9,1,0,2

3578760688,0,False,2938,4,0,12,1511493879,21,0,8,2,1,2,2

3577414920,131,False,3073,22,0,46,1511429424,21,7,5,14,1,0,4

3576519516,2,False,1795,22,0,11,1511372181,21,4,6,3,1,0,4

3576460038,3,True,2100,22,0,36,1511369542,21,7,3,13,1,0,5

3576408732,3,True,1668,4,0,67,1511367418,21,9,5,22,1,0,5

3575987852,4,False,2945,4,0,12,1511352658,21,3,12,18,1,0,5

3575879228,3,True,2420,4,0,51,1511348402,21,2,16,27,1,0,1

3575615128,4,False,2735,4,0,10,1511335310,21,4,7,9,1,0,1

3574761057,2,False,2254,4,0,61,1511280581,21,6,13,8,1,0,5

3574647160,132,False,3704,4,0,21,1511276338,21,18,7,21,1,0,5

3574131554,129,True,3427,4,0,76,1511256909,21,17,13,14,1,0,4

3574075430,129,False,2331,4,0,48,1511254168,21,6,15,12,1,0,4

3573999621,131,True,2528,4,0,120,1511250227,21,2,16,10,1,0,3

3573113469,131,False,1968,4,0,106,1511193760,21,4,7,29,1,0,5

3572950934,0,False,2486,4,0,58,1511187942,21,5,12,6,1,0,1

3572623754,4,False,1095,22,0,8,1511176310,21,0,1,0,1,3,2

3571507646,3,True,2947,22,0,50,1511110069,21,3,6,20,1,0,4

3571430717,132,True,2224,22,0,8,1511107305,21,4,6,10,1,0,4

3570939207,131,True,2686,4,0,64,1511092474,21,3,15,14,1,0,4

3570826133,132,True,2109,22,0,10,1511088858,21,1,8,8,1,0,3

3570135161,132,True,3638,22,0,39,1511062665,21,11,7,19,1,0,5

3569312076,131,False,2326,22,0,17,1511021616,21,4,7,12,1,0,2

3569191276,1,False,2917,22,0,98,1511018154,21,6,11,3,,0,4

3569088868,1,True,2222,22,0,46,1511015346,21,14,4,15,1,0,4

3568730285,128,False,2936,22,0,119,1511005303,21,10,11,19,,0,2

3568442673,131,True,2495,4,0,39,1510995192,21,6,6,8,1,1,4

3568383508,3,True,1763,4,0,64,1510993001,21,10,5,18,1,0,4

3568314486,132,True,2399,4,0,46,1510990205,21,3,8,8,1,0,4

3568101155,4,True,2074,4,0,101,1510980596,21,3,5,15,1,0,5

3566481040,2,True,5659,22,7,34,1510909669,20,22,14,35,,2,3

3566345849,130,False,2926,22,7,10,1510903781,20,13,8,10,,0,1

3566244466,130,True,2271,22,7,10,1510899346,20,6,14,9,,0,1

3561326685,132,False,2314,22,0,119,1510651625,20,12,6,18,1,0,5

3561227915,1,True,2688,22,0,63,1510646691,20,9,3,10,1,0,4

3561151198,128,True,3441,22,0,44,1510642648,20,16,11,12,,0,4

3561066866,128,False,2704,22,0,99,1510639249,20,7,4,19,1,0,5

3560910290,0,False,2165,22,0,104,1510632941,20,3,5,14,1,0,5

3560836701,1,True,3040,22,0,119,1510629271,20,15,10,20,1,0,4

3560354205,131,False,2469,22,0,104,1510596388,20,13,5,16,1,0,5

3560286452,3,False,2556,22,0,11,1510593364,20,7,8,7,,0,5

3560175381,131,False,3644,22,0,9,1510588812,20,10,11,18,,0,5

3560087632,131,True,2662,22,0,34,1510585612,,12,9,10,1,0,5

3559718837,131,True,4063,22,0,93,1510573280,20,15,11,24,,0,2

3558309420,132,False,2967,22,7,76,1510498745,20,9,7,10,,0,1

3558224297,131,False,1878,22,7,76,1510496211,20,15,0,14,,0,1

3557947692,0,False,2296,22,7,76,1510488307,20,3,10,10,,0,1

3552488281,0,False,2172,22,7,119,1510252955,20,4,11,5,,0,2

3552426629,131,False,2198,22,7,44,1510250168,20,7,5,18,,0,2

3552361992,0,False,2099,22,7,36,1510247421,20,7,8,12,,0,2

3551612878,4,False,3063,22,7,9,1510221529,20,12,10,30,,0,2

3551520789,129,False,3484,22,7,67,1510217449,20,5,8,24,,0,2

3550601377,129,True,2958,22,7,46,1510160472,20,14,7,8,,0,2

3550498165,132,False,2404,22,0,93,1510156423,20,7,8,16,1,0,1

3550083692,3,False,2219,22,0,93,1510143149,20,4,14,8,1,0,1

3548275738,0,False,2021,22,0,3,1510054989,20,4,8,6,1,0,2

3548023531,132,True,3622,22,0,76,1510044820,20,8,8,19,1,0,5

3547061713,132,True,2966,22,0,119,1509986213,20,4,15,8,1,0,2

3546959923,129,False,2822,22,7,67,1509982657,20,27,8,23,,0,1

3546838599,1,False,3207,22,0,10,1509978886,20,11,10,10,1,0,1

3542462315,4,False,3104,22,0,46,1509806220,20,13,6,14,,0,5

3541980700,0,True,3361,22,0,119,1509793876,20,19,11,14,,0,2

3541634589,130,False,3122,22,0,44,1509783014,20,13,15,16,1,0,5

3541529884,2,False,2994,22,0,119,1509779560,20,11,13,11,,0,5

3541449648,130,False,2397,22,0,119,1509776733,20,17,6,21,1,0,4

3540140862,1,False,2741,22,0,12,1509720880,20,10,15,25,1,0,5

3528213632,129,True,2599,22,0,50,1509213863,20,1,13,12,1,0,2

3527135496,4,True,3385,22,7,50,1509179246,20,3,8,34,1,0,3

3527037363,132,False,2938,22,7,46,1509175617,20,12,7,12,1,0,3

3525291026,4,True,2503,4,0,68,1509096164,20,10,6,20,1,0,5

3524151134,130,True,2675,22,0,50,1509031689,20,3,8,12,1,0,5

3523991012,2,True,3176,22,0,50,1509026389,20,3,12,16,,0,5

3520919055,1,True,3051,22,0,36,1508869784,20,6,13,21,,0,2

3520832524,130,True,3066,22,0,46,1508865849,20,9,11,14,,0,2

3520747253,1,True,2689,22,0,36,1508862354,20,11,10,21,1,0,3

3520592997,1,False,3535,22,0,64,1508856775,20,4,15,19,,0,5

3519740712,4,True,2035,4,0,101,1508820260,20,3,7,12,1,0,4

3519064631,1,False,4613,22,0,36,1508779334,20,15,15,24,,0,3

3518963908,1,True,2257,4,0,58,1508775180,20,4,5,13,1,0,3

3518854929,130,False,2402,4,0,40,1508771447,20,2,13,28,1,0,4

3518747220,130,False,2781,4,0,43,1508768075,20,11,6,23,1,0,4

3518432924,3,True,2855,4,0,19,1508757627,20,14,8,25,1,0,4

3518302017,131,False,2096,4,0,44,1508752012,20,13,6,8,1,1,1

3518245364,131,True,1820,4,0,21,1508749573,20,3,8,5,1,1,1

3518166343,128,True,2992,22,0,50,1508745795,20,0,15,22,1,2,5

3518085788,0,True,2855,22,0,76,1508741693,20,14,6,20,1,0,1

3517444062,130,False,2213,22,0,71,1508699808,20,10,6,29,1,0,3

3517362542,2,False,2619,22,0,88,1508696051,20,1,12,11,1,0,3

3517222481,132,False,2436,22,0,60,1508690522,20,17,9,12,1,0,5

3517130949,4,True,2655,22,0,76,1508687241,20,17,3,8,1,0,5

3517027364,128,True,2565,22,0,64,1508683781,20,2,7,17,1,0,5

3516711742,132,False,4440,22,0,71,1508674512,20,12,14,34,,0,3

3516656872,2,True,854,22,0,39,1508672846,20,0,2,0,1,0,3

3500511863,130,True,2064,2,0,5,1507957908,20,3,10,10,1,1,4

3500431335,2,True,2992,4,0,67,1507954271,20,24,5,24,1,0,3

3499838636,4,False,2427,4,0,56,1507919643,20,8,8,11,1,0,5

3499765098,4,True,2714,4,0,14,1507916692,20,2,13,23,1,0,5

3499683933,132,False,2203,4,0,17,1507913640,20,10,4,20,1,0,5

3499608124,131,True,2274,4,0,34,1507910986,20,3,7,6,1,0,4

3499517836,0,True,2463,4,0,47,1507907943,20,10,12,22,1,0,4

3499408582,128,False,2432,4,0,14,1507904621,20,10,14,23,1,0,4

3498955823,132,True,2353,4,0,26,1507889464,20,2,17,7,1,1,4

3498813310,130,True,2021,4,0,44,1507883225,20,4,11,5,1,0,5

3498718310,130,True,2585,22,0,68,1507878756,20,2,11,11,1,0,3

3498660415,132,True,1600,22,0,39,1507875845,20,0,4,1,1,1,2

3481819766,4,True,4301,22,0,76,1507092996,20,13,14,19,1,2,1

3481758385,128,True,2292,22,0,36,1507089296,20,0,8,2,1,1,1

3481207619,130,False,2388,22,0,46,1507052104,20,3,5,8,1,1,1

3480020680,128,True,1846,4,0,34,1507007522,20,7,9,3,1,0,3

3461908112,1,True,2426,22,0,10,1506193699,20,13,4,2,1,0,1

3461605203,1,False,2693,4,0,8,1506183362,20,5,6,12,,0,4

3461275462,131,False,2396,22,0,36,1506174398,20,4,9,22,1,0,1

3459771775,130,False,2082,22,0,44,1506113208,20,5,6,11,1,0,4

3459695775,129,False,3098,22,0,11,1506109315,20,3,8,9,,0,1

3458166668,128,True,1719,22,0,10,1506052122,20,1,7,3,1,0,1

3457024758,130,False,3494,22,0,36,1505996500,20,7,12,29,,0,

3456833641,132,False,2619,22,0,36,1505989648,20,8,6,29,1,0,

3456574591,1,False,3181,22,0,10,1505978896,20,7,8,14,,1,

3454062032,130,False,2834,22,0,10,1505851000,20,10,9,16,1,0,1

3453297690,129,True,2161,22,0,114,1505821774,20,4,12,5,1,0,1

3452351071,1,False,3232,22,0,10,1505766238,20,9,9,16,1,0,1

3451489117,131,False,1681,22,0,36,1505732642,20,7,4,25,1,0,1

3451380712,0,False,2664,22,0,10,1505728189,20,2,14,5,1,0,

3451024062,132,False,2740,22,0,46,1505710084,20,2,12,14,1,0,1

3450526961,130,False,2170,22,0,46,1505676344,20,8,4,11,1,0,1

3449898422,3,True,2675,22,0,44,1505654267,20,15,11,12,,0,

3449768874,3,True,2468,4,0,36,1505650622,20,17,10,22,,0,

3449406948,4,False,2525,22,0,11,1505639560,20,9,14,10,1,0,

3449292547,128,True,2887,22,0,11,1505636127,20,9,10,18,,0,

3448360147,132,True,3025,22,0,11,1505593318,20,7,11,8,1,0,

3447693525,129,False,2878,22,0,10,1505571298,20,9,5,23,,0,

3447485216,0,False,3193,22,0,43,1505565804,20,8,12,14,,0,

3447141167,3,False,2026,22,0,32,1505555218,20,1,8,1,1,1,

3447050770,130,False,2242,22,0,36,1505552254,20,7,8,24,1,0,

3446119285,2,True,2472,22,0,36,1505508307,20,10,11,38,1,0,

3446077065,128,False,1682,22,0,11,1505506087,20,9,3,9,1,0,

3446046839,128,True,951,22,0,36,1505504621,20,2,6,4,1,1,

3445736947,1,True,3044,22,0,7,1505492617,20,1,12,13,,0,2

3445319316,129,False,3293,22,0,112,1505481022,20,5,13,20,,0,2

3445224376,3,False,2154,22,0,9,1505478231,20,5,13,4,1,0,

3445120524,128,False,2424,22,0,32,1505474840,20,7,11,29,1,0,

3444835158,1,True,2905,22,0,10,1505463252,20,11,10,9,1,0,

3444001739,2,True,2692,4,0,114,1505412433,20,5,15,14,1,0,

3443949578,130,True,1882,4,0,42,1505410187,20,4,9,5,1,0,

3443883047,130,True,2354,4,0,54,1505407491,20,6,9,12,1,0,

3443278069,129,False,2059,22,0,63,1505388303,20,12,5,19,1,0,

3443114039,3,False,2822,22,0,10,1505381750,20,2,11,7,1,0,

3443040484,2,False,1862,22,0,10,1505378549,20,0,2,0,1,2,

3442975413,131,False,2471,22,0,10,1505375536,20,12,3,11,1,0,

3442764698,131,False,2047,22,0,34,1505364359,20,4,5,18,1,0,

3442713244,3,True,2538,22,0,4,1505361311,20,18,10,15,1,0,

3442307031,2,True,3954,22,0,101,1505331788,20,8,17,18,,0,

3441586455,129,False,2093,22,0,46,1505305505,20,10,5,11,1,0,3

3441456456,129,False,3259,22,0,10,1505301103,20,13,6,13,,0,3

3441402779,1,True,1720,4,0,60,1505299032,20,18,5,14,1,0,5

3439527213,4,True,3295,22,0,10,1505210329,20,12,8,12,,0,1

3438457012,129,True,2601,22,0,84,1505149927,20,4,9,16,,0,2

3437963312,128,True,2856,22,0,10,1505133900,20,11,7,7,1,0,2

3437857248,130,False,2838,22,0,10,1505130430,20,11,3,19,1,0,2

3437761783,130,False,2902,22,0,10,1505126973,20,17,7,15,1,0,1

3437374047,131,False,3131,22,0,63,1505109371,20,8,7,20,1,0,1

3437338589,129,True,1411,22,0,10,1505107440,20,1,7,6,1,0,1

3437223582,4,False,2433,22,0,10,1505100472,20,6,10,6,1,0,4

3436572614,129,True,2145,22,0,76,1505062413,20,6,6,9,1,1,5

3436481592,130,True,2584,22,0,32,1505059235,20,7,11,13,1,0,4

3436325153,1,False,3733,22,0,10,1505054424,20,14,6,6,1,0,5

3435952700,130,False,2390,22,0,63,1505044240,20,18,3,16,1,0,3

3433115150,2,True,2482,22,0,44,1504942910,20,17,5,13,,0,2

3432071475,129,True,2802,4,0,35,1504891698,20,6,11,25,1,0,5

3431866311,2,False,2272,22,0,104,1504885216,20,4,10,7,1,0,3

3431768353,131,False,2238,22,0,44,1504882496,20,12,3,11,1,0,1

3431440657,132,True,2519,4,0,62,1504873683,20,6,11,14,1,0,3

3431395171,131,True,430,4,0,43,1504872320,20,1,0,0,1,1,4

3430974482,132,True,2897,22,0,10,1504855909,20,4,11,11,1,0,1

3430838615,4,False,1680,22,7,93,1504849560,20,5,11,5,1,0,1

3430125243,132,False,2205,22,7,5,1504806452,20,5,9,21,1,0,3

3430056828,131,False,1970,22,7,20,1504803709,20,1,0,10,1,1,5

3429967717,131,False,1887,22,7,102,1504800432,20,11,5,18,1,0,5

3429432536,4,True,2849,22,0,86,1504783752,20,2,15,13,1,0,2

3429370073,1,True,2078,22,0,63,1504781335,20,0,2,1,1,1,2

3429178152,130,False,2373,22,0,32,1504773116,20,6,10,20,1,0,5

3429113225,2,True,2489,4,0,87,1504770050,20,2,8,18,1,0,5

3429053772,4,False,2671,4,0,34,1504767062,20,6,10,12,1,0,5

3428920374,3,True,2021,4,0,1,1504759848,20,2,9,7,1,0,2

3428848609,4,True,3114,4,0,105,1504755574,20,8,18,5,,0,2

3428359438,3,True,1856,4,0,47,1504722636,20,15,5,12,1,0,2

3428297173,1,True,2027,4,0,4,1504719901,20,11,8,15,1,0,2

3428218359,128,True,2761,4,0,95,1504716709,20,9,11,16,1,0,2

3428151390,131,True,2151,4,0,7,1504714199,20,1,9,7,1,0,2

3417905656,4,True,1899,4,0,69,1504280001,20,4,6,9,1,0,5

3417790604,132,False,2729,4,0,76,1504276888,20,14,6,12,1,0,5

3417071100,132,True,2206,4,0,13,1504254453,20,1,12,4,1,3,5

3416983531,132,False,2198,4,0,94,1504251258,20,2,11,14,1,0,5

3415871999,129,True,1786,22,0,59,1504197858,20,0,13,2,1,1,4

3415784139,1,True,2301,22,0,40,1504195103,20,4,15,25,,0,2

3415654305,129,False,2381,22,7,76,1504191524,20,13,6,24,,0,1

3415316642,2,False,2235,22,0,3,1504182584,20,7,10,7,1,0,3

3415219642,4,True,1998,22,0,5,1504179766,20,6,7,17,1,0,3

3415063238,4,True,2870,22,0,61,1504174760,20,11,12,10,,0,4

3414966794,131,True,2780,22,0,105,1504171449,20,10,11,7,1,0,5

3414897870,3,True,1971,4,0,15,1504169094,20,4,6,13,1,0,5

3414803652,131,False,2789,4,0,44,1504165785,20,19,8,13,1,0,5

3414704076,3,True,2850,4,0,44,1504162114,20,19,8,7,1,0,5

3414525486,131,False,3288,4,0,30,1504154548,20,3,16,27,1,0,5

3414454466,131,False,2854,4,0,63,1504151080,20,16,8,26,1,0,5

3413843986,3,True,3297,4,0,25,1504117202,20,5,14,7,,2,3

3396477950,3,True,4596,22,0,2,1503469732,20,13,13,14,,2,3

3396299280,4,False,2643,22,0,43,1503461321,20,12,10,7,1,0,2

3394874928,128,True,2768,22,0,39,1503403576,20,6,14,10,,0,

3394591995,4,True,446,22,0,106,1503394971,20,1,1,3,1,0,5

3394480554,4,True,3146,22,0,63,1503391280,20,13,9,22,,0,

3394385322,0,True,2460,22,0,48,1503387953,20,13,7,22,1,0,5

3394315772,0,True,2243,22,0,9,1503385341,20,14,6,17,1,0,5

3393327010,129,True,3153,22,0,63,1503336039,20,10,12,20,,1,

3393224231,131,False,2034,22,0,93,1503332657,20,4,9,13,1,0,

3392602173,3,True,783,22,0,21,1503316160,20,7,1,4,1,0,4

3392209871,132,True,3480,22,0,98,1503304088,20,7,16,16,,0,1

3390816517,128,False,2948,22,0,9,1503244287,20,10,6,31,,0,1

3390156481,130,False,2845,22,0,12,1503228769,20,18,1,11,,0,1

3387490524,3,False,1151,22,0,13,1503145657,20,0,3,2,1,3,

3387091931,132,False,3204,22,0,34,1503135857,20,18,7,27,1,0,

3386807936,129,True,2582,22,0,76,1503128690,20,8,9,10,,0,

3386454289,132,False,3009,22,0,43,1503117975,20,18,8,21,1,0,

3385652907,1,True,2837,22,0,5,1503082975,20,8,5,14,,0,5

3385601982,129,True,1434,22,0,93,1503080927,20,1,8,2,1,0,

3384886171,4,True,2600,22,0,93,1503060134,20,9,7,20,1,0,

3384661319,0,False,1907,22,7,13,1503053657,20,9,11,13,1,0,

3383073446,1,False,2737,22,0,75,1502983226,20,5,18,12,1,0,

3382711782,0,True,2456,22,0,93,1502973367,20,10,4,20,1,0,1

3381206370,131,False,3742,22,0,93,1502905527,20,17,9,19,,0,3

3381073884,3,False,2867,22,0,104,1502900763,20,7,15,13,,0,

3380953223,3,True,2589,22,0,76,1502896953,20,12,5,12,1,0,4

3380571151,132,True,2305,22,0,39,1502886654,20,4,11,7,1,0,1

3380449316,4,False,2479,22,0,104,1502883165,20,7,11,8,,0,1

3380263256,132,False,2304,22,0,43,1502877073,20,7,10,18,1,0,5

3379000862,131,False,4950,22,0,34,1502816217,20,19,11,30,,0,4

3378899771,2,True,2199,22,0,39,1502812861,20,15,9,13,1,0,4

3376886523,132,False,2482,4,0,101,1502733070,20,11,4,19,1,0,5

3376721563,2,False,2588,22,0,104,1502727307,20,1,16,5,1,0,1

3374962092,3,False,1917,22,0,98,1502657213,20,1,6,4,1,1,

3374883379,4,True,3085,22,0,13,1502653735,20,6,7,15,1,0,

3374818328,4,False,2199,22,0,90,1502651125,20,2,16,7,1,0,

3374742711,4,True,2346,22,0,98,1502648281,20,4,8,22,1,0,

3374644842,128,True,2838,22,0,5,1502644809,20,6,13,7,1,0,

3373782772,0,False,2944,22,0,12,1502621018,20,10,11,18,,0,1

3371496570,131,False,3243,22,0,68,1502539354,20,10,12,24,,0,

3371393904,2,False,2221,22,7,46,1502536494,20,8,7,7,1,0,

3371215902,3,True,2349,22,0,7,1502531142,20,4,7,12,1,0,3

3371110155,130,False,2819,22,0,62,1502527943,20,7,9,15,,0,

3370917971,129,False,2456,22,0,63,1502522118,20,21,6,26,1,0,

3369518903,3,False,4261,22,0,104,1502462608,20,13,12,31,,0,

3369146866,129,True,2633,22,0,6,1502452715,20,8,16,7,1,0,

3369039899,1,True,2911,22,0,76,1502449325,20,11,12,12,1,0,

3368436293,2,False,3910,22,0,10,1502424655,20,16,10,11,,0,

3367970309,131,False,3514,22,0,104,1502393158,20,9,5,12,1,0,1

3367503252,130,False,3725,22,0,104,1502375795,20,10,16,18,,0,

3367174253,3,False,2542,22,0,76,1502366634,20,3,11,12,,0,

3367080675,2,True,2493,22,0,71,1502363674,20,5,14,15,1,0,

3366972221,2,True,3219,22,0,43,1502359894,20,6,17,23,1,0,

3365728388,128,False,3144,22,0,76,1502294597,20,16,8,19,,0,1

3365185867,1,True,3513,22,0,76,1502278682,20,8,12,11,,0,

3365078914,4,True,2938,22,0,76,1502275067,20,8,9,12,1,0,

3364998034,3,False,1815,22,0,76,1502272157,20,2,12,1,1,0,

3363954388,1,False,2895,22,0,76,1502213285,20,13,11,7,1,0,

3362934495,132,False,2073,22,0,46,1502179549,20,28,2,8,1,0,

3362772454,129,True,2838,22,0,34,1502171953,20,9,13,14,1,0,

3361233666,0,True,2894,22,0,34,1502098397,20,9,9,19,1,0,

3361031705,132,True,4482,22,0,34,1502090456,20,14,9,33,,0,

3360866252,131,False,3578,22,0,13,1502082503,20,2,9,17,,1,

3360155858,2,True,2456,22,0,34,1502041330,20,12,9,23,1,0,

3360085797,131,False,1880,22,0,46,1502038688,20,16,0,18,1,0,

3357240352,132,True,4362,22,0,34,1501933760,,5,15,27,,0,

3357038574,131,False,2794,22,0,34,1501927297,,13,9,17,,0,

3355912913,128,True,3070,22,0,46,1501873149,,9,7,9,1,0,

3355829511,132,True,2066,22,0,32,1501869339,,4,14,12,1,0,

3355770872,131,True,2203,22,0,68,1501866742,,2,8,8,1,0,

3355673668,130,True,3073,22,0,46,1501862911,,6,9,7,1,0,

3355061369,4,True,2769,22,0,34,1501845251,,12,3,17,,0,

3354948477,130,True,2192,22,0,39,1501841288,,7,14,6,1,0,

3354710612,0,False,3163,22,0,10,1501832303,,6,6,23,,0,

3353325882,3,True,2359,22,0,39,1501763352,,12,7,13,1,0,

3353218180,3,True,2782,22,0,67,1501759910,,9,5,33,1,0,

3353082621,130,True,2164,22,0,93,1501755036,,4,8,7,1,0,

3352187269,2,False,3261,22,0,93,1501701293,,3,18,15,,0,

3352127088,3,True,3010,22,0,2,1501697871,,12,18,19,1,0,

3352072278,3,True,2595,22,0,93,1501694821,,18,5,16,1,0,

3348344255,4,True,5929,22,0,46,1501524767,,14,12,30,,0,

3348273151,132,True,2447,22,0,32,1501521752,,4,13,13,1,0,

3348117845,128,True,3352,22,7,93,1501515874,20,8,14,14,,0,1

3348054679,0,False,1544,22,7,11,1501513772,,3,14,0,1,0,

3347689139,131,True,3163,22,0,93,1501502683,,8,10,16,,0,

3347605488,4,True,2280,22,0,26,1501499887,,3,7,18,1,0,

3347056401,3,True,2079,22,7,93,1501476787,,15,2,14,1,0,

3346076672,1,False,2675,22,7,32,1501426189,,5,9,16,1,0,

3345869781,0,True,2545,22,0,32,1501420307,,14,6,21,1,0,

3345714385,128,False,3504,22,0,32,1501415906,,15,11,27,,0,

3345600010,2,True,2948,22,0,96,1501412401,,7,16,20,,0,

3343879588,129,False,3033,22,0,104,1501342480,,1,13,24,,0,

3342093829,0,False,3025,22,0,93,1501272449,,15,7,16,1,0,

3341971518,128,False,2148,22,0,62,1501267116,,13,9,18,1,0,

3338811592,132,True,2030,22,0,93,1501143715,20,0,7,1,1,3,

3338733915,132,True,2437,22,0,86,1501140794,20,2,20,12,1,0,

3337575424,130,True,2631,22,0,93,1501081298,20,5,10,8,1,0,

3337239801,1,False,3257,22,7,93,1501071280,20,6,13,17,,0,

3337125591,129,False,3247,22,7,93,1501067525,20,9,13,14,,0,

3337047739,4,False,1852,22,7,46,1501064720,20,5,12,4,1,0,

3336901540,128,True,2511,22,0,14,1501059202,20,4,14,13,1,0,

3336782558,4,False,3181,22,0,5,1501054435,20,1,10,22,,1,

3336062151,131,False,3115,22,7,4,1501010929,20,11,13,24,,0,

3335979336,4,True,3118,22,7,36,1501007176,20,6,8,27,,0,

3335676846,2,True,2792,22,0,9,1500995667,20,5,6,16,,0,

3335360447,4,False,3570,22,0,97,1500986310,20,5,11,22,,0,

3335267142,4,True,2216,22,0,46,1500983416,20,5,3,22,1,0,

3335184242,132,True,2345,22,0,11,1500980589,20,1,10,12,1,0,

3334039071,130,False,2597,22,0,93,1500920680,20,10,10,15,1,0,

3333967338,130,True,2492,22,0,98,1500917598,20,3,12,4,1,0,

3333862349,1,True,3277,22,0,93,1500913549,20,21,2,15,,0,

3333307156,4,False,2680,22,0,11,1500895550,20,11,13,22,1,0,

3333206961,129,False,2829,22,0,67,1500891978,20,6,4,24,,0,

3331837103,131,False,2856,22,0,13,1500823028,20,8,7,17,,0,

3331488023,130,True,3168,22,0,12,1500812933,20,18,10,15,,0,

3331378447,130,False,2812,22,0,36,1500809664,20,5,7,14,,0,

3331249424,130,True,3517,22,0,54,1500805526,20,6,6,17,,0,

3329880254,128,True,2231,22,7,46,1500745787,20,3,12,12,1,0,

3329244557,131,False,2276,22,0,54,1500727066,20,14,4,25,,0,

3329144612,3,False,2159,22,0,5,1500724181,20,2,9,6,1,0,

3327650510,129,False,2934,22,7,93,1500660122,20,18,7,25,1,0,

3327323195,132,True,3210,4,0,85,1500648963,20,3,11,17,1,0,

3327037662,4,False,3105,22,0,34,1500640919,20,6,11,8,,0,

3326938525,132,False,2648,22,0,36,1500637915,20,16,8,16,,0,

3325661634,4,False,2840,22,0,99,1500573819,20,2,9,8,,2,

3325573800,3,False,2856,4,0,15,1500570020,20,4,7,14,1,0,

3325482535,1,False,2419,4,0,23,1500566562,20,1,9,7,1,0,

3324992562,132,True,2695,22,0,43,1500552436,20,5,18,8,1,0,

3324891504,4,True,2477,22,0,46,1500549155,20,11,5,18,1,0,

3324812724,4,True,2375,22,0,104,1500546321,20,8,6,13,1,0,

3324681682,3,False,2809,22,0,11,1500541530,20,6,8,13,,0,

3324571883,131,True,3231,22,0,53,1500537297,20,7,17,18,1,0,

3323636665,3,True,2894,22,0,11,1500484295,20,10,3,30,1,0,

3323492915,130,False,3649,22,0,64,1500478780,20,6,14,28,,0,

3323119616,4,True,2766,22,0,2,1500467170,20,5,10,6,1,0,

3323007248,132,True,3103,22,0,10,1500463523,20,10,11,17,,0,

3322869022,130,False,2044,22,7,46,1500458537,20,12,3,6,1,0,

3321639381,130,True,2861,22,0,4,1500394260,20,12,15,9,,0,

3321535588,131,True,3129,22,0,64,1500390720,20,2,10,12,1,0,

3321010691,4,False,2216,22,0,43,1500374894,20,4,12,2,1,0,

3320944917,4,False,1875,22,0,7,1500372536,20,5,9,9,1,0,

3320775475,128,False,2790,22,0,10,1500366082,20,6,5,20,1,0,

3319721891,3,False,2446,22,0,11,1500309326,20,8,10,15,1,0,

3319608603,4,False,2517,22,0,10,1500305378,20,6,9,5,1,0,

3319049689,129,False,2149,22,7,46,1500288577,20,15,2,10,1,0,

3317919252,128,True,2111,22,0,104,1500228442,20,1,12,5,1,0,

3317885552,1,False,568,22,0,93,1500227066,20,0,1,0,1,1,

3317756893,0,True,3094,22,0,43,1500222316,20,13,9,17,,0,

3317640786,3,False,1914,22,0,67,1500218551,,3,6,8,1,0,

3317155654,0,False,1968,22,0,97,1500205076,20,4,10,4,1,0,

3317080407,1,True,1774,22,0,46,1500202835,,9,1,13,1,0,

3315322824,4,False,4219,22,0,64,1500132843,,3,13,27,,0,

3314971862,4,False,2793,22,0,46,1500123731,,15,10,11,,0,

3312325968,3,True,4076,22,0,46,1500017805,20,14,11,25,,0,

3312227333,130,True,3460,22,0,13,1500013682,20,2,16,13,,0,

3311349751,132,True,1903,22,0,25,1499964830,20,5,12,5,1,0,

3311245884,131,False,3231,22,0,54,1499961123,20,5,7,22,,0,

3309594035,131,True,2551,22,0,67,1499884610,20,7,8,16,1,0,

3307659737,4,True,1994,22,0,43,1499798493,20,8,3,20,1,0,

3307560168,3,False,3666,22,0,44,1499794271,20,6,11,10,,0,

3307460771,130,True,3087,22,0,76,1499790439,20,6,10,13,1,0,

3307337126,4,True,3401,22,0,75,1499786207,20,6,12,29,1,0,

3306986297,130,True,3109,22,0,44,1499775983,20,8,13,10,,0,

3306865570,132,True,3070,22,7,46,1499772199,20,12,12,12,,0,

3305757134,4,True,3159,22,0,99,1499713815,20,8,9,24,1,0,

3305658017,1,True,3070,22,0,67,1499709462,20,28,6,24,1,0,

3305541296,129,False,3259,22,0,89,1499704807,20,15,6,29,1,0,

3305390582,129,False,2207,22,7,13,1499699703,20,5,3,10,1,0,

3305091701,132,False,2652,22,7,67,1499691250,20,15,11,20,,0,

3304762193,4,True,2370,22,7,104,1499680655,20,7,6,15,1,0,

3303708562,0,False,2466,22,7,21,1499625761,20,4,11,3,1,0,

3303641324,2,False,2116,22,7,5,1499623068,20,5,13,11,1,0,

3302686835,2,True,2845,22,0,12,1499594150,20,2,11,19,,1,

3302539521,4,True,2744,22,7,26,1499589641,20,7,13,29,,0,

3301238882,3,True,1796,22,7,104,1499534015,20,7,7,13,1,0,

3301123679,131,False,2638,22,7,62,1499530603,20,13,7,26,1,0,

3298248846,131,False,2824,22,0,7,1499423971,20,2,8,18,,0,

3298042529,131,True,2594,22,0,10,1499416685,20,1,14,12,1,0,

3297944049,3,False,2326,22,0,86,1499413078,20,2,20,5,1,0,

3297852707,0,True,2556,22,0,13,1499409351,20,9,7,30,1,0,

3296955641,3,False,2250,22,0,86,1499360003,20,4,14,13,1,0,

3296802495,4,False,4196,22,0,67,1499354993,20,24,17,29,,0,

3296304690,129,True,2192,22,0,86,1499340844,20,2,9,5,,0,

3294766569,0,False,2356,22,0,67,1499267765,20,8,12,7,1,1,

3294540925,132,False,3196,22,0,46,1499261464,20,13,7,13,,0,

3294376306,132,False,3555,22,0,67,1499256961,20,21,11,25,,0,

3294232155,4,True,3672,22,0,104,1499252813,20,11,12,23,,0,

3292903510,130,False,3472,22,0,67,1499188235,20,20,4,20,,0,

3292229982,2,False,2883,22,0,56,1499168558,20,6,10,6,,0,

3292129103,2,False,2461,22,0,46,1499165383,20,9,10,10,1,0,

3291942198,4,True,2714,22,0,60,1499159046,20,4,13,16,1,0,

3291850080,128,False,2781,22,0,93,1499155733,20,10,8,25,1,0,

3291782202,0,True,2046,22,0,13,1499153132,20,10,6,17,1,0,

3283205149,4,True,3226,22,0,67,1498820768,20,21,8,30,,0,

3277970216,131,False,2896,22,0,46,1498588526,20,4,10,15,1,0,

3269922511,3,False,1838,22,0,46,1498281386,20,5,7,0,1,0,

3269859937,3,False,1878,22,0,34,1498278827,,0,8,2,1,0,

3269159197,4,True,3434,22,0,46,1498241690,20,13,8,17,,0,

3269057680,0,False,2921,22,0,3,1498238137,20,4,18,18,1,0,

3268876714,132,False,3119,22,0,13,1498232638,20,9,11,30,,0,

3268794733,132,False,1403,22,0,13,1498230445,20,5,3,6,1,0,

3267946467,2,True,3200,22,0,36,1498205205,20,3,16,10,,0,

3264811692,129,True,2520,22,0,46,1498063847,20,6,10,13,1,0,

3264666171,129,False,4255,22,0,43,1498059059,20,9,14,14,,0,

3262033400,4,False,2050,22,0,5,1497957947,20,1,16,10,1,0,

3261818098,130,True,3025,22,0,12,1497950688,20,8,12,23,,1,

3257810816,132,False,2298,22,0,56,1497788333,20,5,5,21,1,0,

3257604206,129,True,1253,22,0,46,1497782607,20,3,2,1,1,1,

3254872352,4,True,1708,22,0,93,1497692206,20,5,2,17,1,0,

3254770933,3,True,2349,22,0,104,1497689241,20,4,8,18,1,0,

3254306168,131,False,3359,4,0,99,1497674459,20,17,9,35,,0,

3253681599,128,True,2757,4,0,99,1497641340,20,6,13,9,1,0,

3253621835,129,False,1914,4,0,48,1497639062,20,8,5,16,1,0,

3253510774,1,True,3422,4,0,102,1497635241,20,4,8,29,,0,

3251287229,2,False,2019,4,0,35,1497549841,20,10,8,6,1,0,

3251076150,132,False,2008,4,0,84,1497542295,20,1,2,9,1,1,

3250972129,131,False,2387,4,0,68,1497539438,20,1,9,17,1,0,

3250879706,3,True,1852,22,0,46,1497537086,20,10,3,17,1,0,

3250528565,1,False,4016,22,0,62,1497528166,,10,14,14,,0,

3249822285,128,False,2374,4,0,47,1497502765,20,15,5,22,1,0,

3249270701,131,True,2497,4,0,22,1497469709,20,0,1,0,1,2,

3248384241,2,True,2570,22,0,63,1497443197,,10,9,30,,0,

3246671769,1,False,2471,4,0,6,1497369359,20,1,17,8,1,1,

3246586853,128,True,1826,4,0,94,1497367069,20,0,10,4,1,0,

3244580667,129,True,2375,22,7,93,1497287593,20,1,10,8,1,0,

3243963171,1,True,3396,22,0,104,1497271796,20,3,15,13,,0,

3242308951,131,False,3128,22,0,44,1497207824,,10,6,13,1,0,

3242089457,0,True,3100,22,7,112,1497200490,20,4,17,23,1,0,

3241437542,2,True,1729,22,7,6,1497184475,20,5,5,13,1,0,

3236148260,131,True,2635,22,0,34,1497030555,,7,10,7,1,0,

3235954593,132,False,3110,22,0,21,1497025118,20,7,6,12,1,0,

3235798835,132,True,2524,22,0,104,1497021851,20,2,12,10,,0,

3234913608,128,False,2097,22,7,104,1497005300,20,6,0,15,1,0,

3234372774,128,True,2722,22,7,76,1496993274,,12,10,17,1,0,

3232797912,3,False,3592,22,0,12,1496933601,20,13,6,14,,0,

3232495931,1,False,2856,22,0,88,1496925258,20,4,14,22,,0,

3232385888,130,False,2846,22,0,104,1496921870,20,9,6,11,1,0,

3231104780,130,False,2115,4,0,60,1496856154,,4,2,8,1,0,

3230991780,130,False,2908,22,0,93,1496851893,20,12,7,23,1,0,

3230506481,2,True,2594,4,0,15,1496837250,,7,6,17,1,0,

3230308952,132,False,2813,22,0,2,1496830297,20,9,8,18,1,0,

3229283027,130,False,2363,4,0,100,1496774794,20,4,7,20,1,0,

3229160450,0,False,3697,22,0,46,1496769656,20,13,11,16,,0,

3228936041,0,False,3347,22,0,34,1496761850,20,3,6,17,,0,

3228558689,132,True,3287,22,0,63,1496750816,20,7,8,15,,0,

3227269948,3,True,2867,22,0,34,1496686126,,8,6,12,,0,

3227180534,1,False,3063,22,0,112,1496682594,20,1,21,17,1,0,

3225137584,2,False,1926,4,0,109,1496595342,,0,17,0,1,0,

3225040618,1,True,2818,4,0,79,1496592022,,2,10,21,,0,

3224938081,3,False,2724,4,0,35,1496588960,,5,11,11,,0,

3224553296,131,True,3076,22,0,13,1496578747,,5,8,22,,0,

3222157745,3,False,2654,22,0,34,1496491982,,1,11,10,,1,

3221819312,129,True,2854,22,0,34,1496481633,,6,11,12,1,0,

3221754469,1,True,1500,22,0,34,1496479623,,4,2,3,1,0,

3221553629,132,True,2882,4,0,8,1496473262,,5,10,12,1,0,

3221472541,132,False,2432,4,0,77,1496470446,,14,4,26,1,0,

3220790785,3,False,2367,22,0,13,1496432611,,7,10,4,,0,

3220705263,4,True,2947,22,0,13,1496429069,,4,9,19,,0,

3220462658,0,True,2743,22,0,36,1496420625,,13,7,14,1,0,

3220247369,130,False,3525,22,0,93,1496414646,,2,10,9,1,0,

3218460619,131,False,2333,22,0,11,1496336316,,6,6,7,1,0,

3218164246,4,False,2125,22,0,46,1496327148,,11,7,2,1,0,

3217840156,129,False,1777,22,0,93,1496318068,,10,5,13,1,0,

3216383235,132,False,3621,22,0,20,1496247952,,7,18,26,,0,

3215888958,131,True,2702,22,0,63,1496233716,,11,6,16,1,0,

3215799193,131,False,2197,22,0,104,1496230940,,13,0,14,1,0,

3214512483,129,True,2773,22,0,39,1496166428,,7,16,11,,0,

3214431285,131,False,2216,22,0,93,1496163339,,18,4,9,1,0,

3214350873,132,False,2203,22,0,62,1496160525,,9,5,27,1,0,

3214214313,132,True,3498,22,0,34,1496156318,,10,8,22,,0,

3213956533,130,False,2893,22,0,25,1496149285,,5,15,13,,0,

3213855354,130,False,2522,22,0,6,1496146381,,15,12,13,,0,

3213762901,2,True,2434,22,0,34,1496143493,,24,5,14,1,0,

3212301972,2,True,2253,4,0,34,1496077280,,10,4,14,1,0,

3212212074,0,True,2369,4,0,67,1496074373,,13,5,15,1,0,

3212107185,2,True,2487,4,0,93,1496071313,,9,4,10,1,0,

3212027013,129,False,1671,4,0,4,1496069146,,15,3,17,1,0,

3207613743,132,True,3094,4,0,62,1495898944,,8,13,15,,0,

3207479269,132,True,2829,4,0,68,1495895506,,4,13,15,,0,

3207151374,131,False,2748,4,0,60,1495886749,,12,5,12,1,0,

3206752692,1,False,2799,22,0,3,1495873575,,3,7,13,1,2,

3206659071,132,True,2513,22,0,6,1495870261,,6,9,16,1,0,

3206522598,131,True,3042,22,0,43,1495865022,,5,12,13,1,1,

3203582545,1,False,3261,22,0,21,1495728103,,17,8,8,,0,

3203377916,4,True,2768,4,0,6,1495721947,,24,3,4,1,0,

3201743746,3,False,3002,4,0,39,1495644216,,15,12,14,1,0,

3201641068,128,False,2144,4,0,47,1495640746,,23,1,8,1,0,

3201551926,131,False,1926,4,0,47,1495637996,,28,2,19,1,0,

3200056080,130,True,2130,4,0,99,1495563922,,3,16,9,1,0,

3199992355,129,True,2790,4,0,81,1495560819,,8,6,9,1,0,

3198078688,1,False,2938,4,0,35,1495475556,,17,9,11,1,0,

3198021844,130,False,1772,4,0,43,1495473351,,6,0,4,1,0,

3197930828,0,True,2782,4,0,47,1495470106,,7,5,14,,0,

3196168378,132,False,2977,22,0,25,1495391902,18,4,10,8,,2,

3196082201,130,True,2597,22,0,31,1495388558,,10,6,9,1,0,

3195970933,132,False,2765,22,0,46,1495384661,,17,8,19,,0,

3193629651,132,True,2796,22,0,46,1495299347,,6,12,21,1,0,

3192795443,1,True,2224,22,0,75,1495276989,,10,9,13,1,2,

3192654719,1,False,2750,22,0,75,1495272484,,13,8,13,1,0,

3191555420,4,False,2794,22,0,63,1495218567,,8,10,14,,0,

3191482444,128,True,2214,22,0,63,1495215882,,6,9,15,1,0,

3191350055,130,True,3563,22,0,93,1495211510,,5,15,15,,0,

3191204203,2,True,3379,22,0,12,1495207302,,11,7,16,,0,

3189492572,129,True,2130,22,0,46,1495131170,,1,13,6,1,0,

3189283298,1,False,2988,22,0,60,1495123311,,3,10,20,,0,

3189250769,128,True,917,4,0,54,1495122263,,1,0,1,1,1,

3189200778,128,False,646,22,0,21,1495120738,,0,2,1,1,0,

3188932069,3,False,3637,4,0,48,1495113369,,17,14,16,,0,

3188769991,131,False,3480,22,0,99,1495108661,,11,10,23,,0,

3187241072,131,False,2996,22,0,3,1495033735,,9,9,24,1,0,

3186914441,4,True,1835,4,0,35,1495024952,,17,3,10,1,0,

3185148907,3,True,3025,22,0,39,1494959903,,10,6,15,,0,

3184091020,0,False,2854,22,0,5,1494938708,,7,13,13,1,0,

3184020218,0,True,1005,22,0,54,1494937305,,2,2,9,1,0,

3183887596,0,True,2499,22,0,46,1494934439,,14,3,10,,0,

3182208563,132,True,2145,22,0,46,1494874825,,7,9,8,1,0,

3182109804,130,False,1963,4,0,20,1494871997,,10,6,18,1,0,

3181016249,128,False,2926,22,0,6,1494847655,,10,6,12,,0,

3180801051,131,True,3186,22,0,93,1494841732,,5,5,4,,0,

3180707436,3,False,2451,22,0,75,1494838858,,5,12,16,1,0,

3170240625,2,False,2684,22,0,93,1494444951,,11,10,8,1,0,

3170181752,1,True,2342,22,0,60,1494442131,,3,4,19,1,0,

3170094003,128,True,2428,22,0,93,1494438487,,6,7,6,1,0,

3169461493,130,True,2995,22,0,55,1494419390,,2,13,15,1,0,

3168967782,131,True,3090,22,0,21,1494400978,,5,13,21,,0,

3168070244,1,True,1694,22,0,21,1494348856,,5,2,10,1,0,

3167836721,3,True,3180,22,0,9,1494341725,,7,8,21,1,0,

3165980552,3,False,2423,22,0,91,1494263017,,0,11,6,1,0,

3165856777,0,True,3388,22,7,30,1494258873,,10,13,29,,0,

3165744877,0,True,2601,22,7,46,1494255680,,9,7,10,,0,

3165347316,132,True,4839,22,0,114,1494245555,,6,21,15,,0,

3165242775,1,True,2241,22,0,67,1494242610,,18,6,18,1,0,

3160669830,129,False,1860,22,0,101,1494071686,,3,3,10,1,0,

3156459057,129,True,2568,22,7,46,1493888549,18,15,8,7,1,0,

3155394799,129,True,2027,22,7,46,1493829219,,8,10,5,1,0,

3155284434,1,True,1835,22,7,46,1493825290,,14,3,12,1,0,

3153343455,1,False,2711,22,7,46,1493735625,,13,12,9,1,0,

3153002817,132,True,2779,22,7,16,1493725704,,1,14,11,1,0,

3152890908,130,True,3405,22,0,98,1493721766,,6,15,12,1,0,

3151749184,4,True,2024,22,0,46,1493660942,,21,2,9,1,0,

3151529577,4,True,2337,22,0,97,1493653293,,3,5,13,1,0,

3147206363,3,False,2655,22,0,46,1493485694,,6,10,6,1,0,

3146932764,4,True,2012,22,0,43,1493477183,,3,3,12,1,0,

3146573110,3,False,2074,22,0,21,1493466720,,1,8,8,1,0,

3146436857,129,False,2749,22,0,35,1493462119,,20,7,16,,0,

3145207622,0,True,1764,22,0,43,1493403245,,15,2,16,1,0,

3145103594,131,False,3053,22,0,114,1493399204,,23,8,10,,0,

3144812948,132,True,3167,22,7,21,1493389989,,6,6,18,,0,

3143426707,128,True,3296,22,7,44,1493319372,,5,12,8,,2,

3143357556,4,True,2473,22,7,46,1493316033,,12,8,13,1,0,

3143268809,129,False,3232,22,7,76,1493312108,,16,6,16,,0,

3142602198,132,False,3343,22,7,67,1493287529,,10,10,26,1,0,

3142522510,0,True,2834,22,7,67,1493283835,,17,9,23,1,0,

3142466967,0,True,1925,22,7,46,1493281264,,15,1,4,1,0,

3141571996,129,True,3178,22,0,20,1493226622,,8,11,10,1,0,

3141472563,132,False,3098,22,0,21,1493222773,,11,7,19,1,0,

3141435067,4,True,609,22,0,114,1493221435,,0,2,0,1,0,

3140993834,132,False,2395,22,0,46,1493207928,,24,5,11,1,0,

3140771992,2,False,2394,22,0,46,1493199274,,6,12,8,1,0,

3139931310,129,False,2291,22,0,84,1493146628,,9,7,29,1,0,

3139863972,0,True,2657,22,0,114,1493143322,,15,9,18,1,0,

3138998091,4,False,4362,22,0,67,1493111184,,8,13,19,,1,

3138947996,2,True,1678,22,7,46,1493108938,,9,3,16,1,0,

3138041273,4,False,2803,22,0,10,1493052975,,8,12,13,1,0,

3137977362,128,True,2213,22,0,114,1493050325,,2,17,12,1,0,

3137501078,4,True,2882,22,0,93,1493034330,,4,5,5,,1,

3137402436,131,False,3408,22,0,67,1493030343,,16,8,25,1,0,

3136769442,1,True,2749,22,0,21,1492998345,,3,8,13,1,0,

3136169214,128,True,2379,22,0,46,1492964403,,3,8,6,1,0,

3135562857,132,False,2558,22,0,46,1492946532,,20,4,19,1,0,

3110747636,131,True,3390,22,7,28,1491851375,,3,19,29,,0,

3110655957,132,False,3752,22,7,4,1491847113,,12,17,29,,0,

3110503494,132,True,2357,22,7,46,1491840886,18,9,7,4,1,0,

3110408229,4,True,2571,22,0,26,1491837557,,4,9,7,1,0,

3109694685,2,False,1713,22,0,67,1491813067,,0,1,8,1,1,

3109621596,130,False,2652,4,0,93,1491809901,,7,3,18,1,0,

3109543742,131,False,2569,22,0,46,1491806324,,8,5,14,1,0,

3109421808,1,False,2306,22,0,46,1491800115,,11,8,9,1,0,

3108977347,132,False,5032,22,0,20,1491767393,,3,20,22,,0,

3108889686,131,False,3186,22,7,93,1491763229,,11,6,21,,0,

3108781372,131,False,3831,22,7,76,1491758800,,5,7,12,,0,

3108686133,131,False,2586,22,7,21,1491755337,,13,8,18,1,0,

3108611573,132,False,1904,22,0,46,1491752854,,8,2,16,1,0,

3106049887,4,True,2497,22,0,46,1491661882,,8,3,19,1,0,

3104097675,4,False,2113,22,0,46,1491585500,,5,6,9,1,2,

3103482949,131,True,2757,22,7,36,1491568440,,6,15,16,,0,

3103013433,4,True,4727,22,0,5,1491552108,,3,11,21,,0,

3102956286,131,True,1884,22,0,46,1491549840,,3,11,10,1,0,

3102892483,3,True,1436,22,0,5,1491547179,,0,4,3,1,0,

3102624808,2,True,2739,22,0,46,1491533852,,9,3,16,1,0,

3102570045,131,False,2746,22,0,46,1491530602,,6,4,16,1,0,

3102073104,0,False,2742,22,0,46,1491499215,,2,11,10,1,0,

3102012121,3,False,1787,22,0,46,1491496873,,10,10,3,1,0,

3101137524,131,False,2972,22,0,28,1491468693,,2,13,28,,0,

3095552703,3,False,3596,22,0,89,1491219258,,4,6,23,,1,

3094466744,4,False,2225,4,0,1,1491163750,,1,7,3,,0,

3094399567,132,False,2982,4,0,40,1491160476,,21,3,17,,0,

3094342898,4,True,1997,4,0,73,1491158025,,9,5,29,,0,

3094274122,2,True,2067,4,0,60,1491155349,,7,6,12,,0,

3094097128,132,True,1183,4,0,18,1491149377,,1,3,2,,1,

3093977140,4,True,2574,4,0,107,1491145913,,4,13,13,,0,

3093862832,4,False,2455,4,0,105,1491142915,,5,14,7,,0,

3093548291,128,True,2970,4,0,82,1491134457,,3,22,10,,0,

3093441347,129,True,2965,4,0,2,1491131209,,4,5,11,,0,

3093373360,0,True,1813,4,0,18,1491129088,,5,3,10,,0,

3093291189,130,True,2154,4,0,101,1491126583,,5,11,8,,0,

3089732407,131,True,2607,22,0,98,1490982176,,5,13,10,,0,

3089613787,132,False,3474,22,0,46,1490978060,,9,7,16,,0,

3089504217,4,True,3011,22,0,21,1490974643,,6,9,17,,0,

3089086475,3,False,2660,22,0,70,1490963456,,13,10,7,,0,

3087662532,132,False,2845,4,0,4,1490895172,,28,6,4,,0,

3087445888,0,False,2573,4,0,12,1490887553,,6,9,13,,0,

3086990501,128,True,3260,4,0,11,1490874813,,8,12,22,,0,

3086847465,0,True,3998,4,0,99,1490870178,,10,13,24,,0,

3083873794,1,True,2382,4,0,28,1490725785,,16,6,8,,0,

3083797443,2,True,2300,4,0,107,1490722565,,1,7,10,,0,

3083153173,3,True,3345,4,0,8,1490701820,,4,8,14,,1,

3081804358,132,False,2270,4,0,48,1490634799,,12,6,14,,0,

3081715176,129,True,2877,4,0,90,1490631539,,1,14,16,,0,

3081107888,2,False,2403,22,0,9,1490612550,,0,10,7,,3,

3079692185,2,True,2586,22,0,21,1490542268,,3,7,13,,0,

3079588506,2,False,2489,4,0,110,1490539245,,1,23,16,,0,

3079220110,3,True,2553,22,0,21,1490529511,,2,2,12,,0,

3078873044,132,True,1962,22,0,5,1490519260,17,1,8,4,,0,

3077132536,1,True,2201,22,7,44,1490450662,,18,1,10,,0,

3069437859,132,True,1947,22,7,44,1490118182,,5,12,5,,0,

3067598399,3,False,3465,22,0,98,1490034110,,4,15,13,,0,

3067507656,3,True,2570,22,0,76,1490030433,,6,7,8,,0,

3067459805,3,False,1180,22,0,76,1490028609,,0,5,1,,3,

3066897441,129,True,3863,22,0,20,1490011405,,5,14,10,,0,

3065816130,132,True,3128,22,0,4,1489954960,,14,14,7,,0,

3065730176,129,True,3111,22,7,12,1489950777,,9,10,14,,0,

3064690497,131,False,3082,22,7,98,1489919286,,11,12,15,,0,

3064580700,128,True,2544,22,7,2,1489916055,,8,12,13,,0,

3061983795,129,False,4052,22,0,93,1489825965,,20,12,16,,0,

3061718556,132,True,2644,22,7,93,1489816898,,6,11,4,,0,

3060690795,3,False,2165,22,7,93,1489766142,,0,12,4,,0,

3059039499,4,True,3486,4,0,100,1489690615,,7,9,19,,0,

3058458260,3,True,3298,4,0,43,1489669942,,6,15,23,,0,

3057286554,132,False,2046,22,7,104,1489603824,,3,2,11,,0,

3057230705,0,True,1799,22,7,7,1489601370,,1,9,9,,0,

3054992800,3,True,2237,22,0,11,1489500818,,21,4,15,,0,

3053472757,4,False,2637,22,7,6,1489424221,,4,9,6,,0,

3046676127,131,False,2958,4,0,67,1489159018,,12,8,23,,0,

3045940678,131,True,2366,4,0,48,1489136689,,6,11,11,,0,

3043243486,129,True,2496,1,0,6,1489001015,,3,17,7,,0,

3043196844,1,True,1985,1,0,58,1488998732,,5,7,5,,0,

3043072410,130,False,3229,1,0,76,1488993389,,23,9,5,,0,

3042988315,131,True,2744,1,0,76,1488990233,,7,10,9,,0,

3042424173,4,False,3463,1,0,93,1488973638,,7,13,16,,0,

3042318432,4,False,2662,1,0,44,1488970348,,6,11,10,,0,

3042229575,3,True,2590,1,0,34,1488967466,,6,8,15,,0,

3040766764,4,False,2002,4,0,41,1488897916,,0,13,3,,0,

3040295743,3,True,3092,1,0,34,1488883992,,13,11,22,,0,

3038614955,0,True,2984,22,0,44,1488803024,,19,5,13,,0,

3038553673,0,False,1533,22,0,98,1488801032,,1,7,6,,0,

3038457685,4,False,2419,22,0,5,1488797635,,2,13,10,,0,

3036989241,129,False,4332,22,0,34,1488724001,,4,15,27,,0,

3036624027,3,False,2541,22,0,26,1488714022,,3,18,8,,0,

3036497250,1,True,3021,22,0,58,1488710275,,12,5,15,,0,

3034623053,132,True,2590,4,0,45,1488638389,,2,12,10,,0,

3028964843,128,False,3261,22,7,12,1488394399,,5,7,20,,0,

3026695101,1,False,2200,4,0,37,1488293732,,4,11,8,,0,

3026606188,129,False,1726,4,0,57,1488291119,,4,5,17,,0,

3026359261,4,True,1821,4,0,46,1488283959,,3,2,12,,0,

3024879775,2,False,3712,1,0,54,1488209660,,8,11,20,,0,

3023130033,2,True,3280,1,0,12,1488130449,,22,11,19,,0,

3023017115,131,True,3281,1,0,33,1488126889,,9,11,25,,0,

3022553593,131,False,4168,1,0,9,1488112351,,19,9,36,,0,

3022465472,3,True,1941,1,0,48,1488109796,,12,4,14,,0,

3020981929,3,True,2021,1,0,44,1488049259,,23,2,9,,0,

3020895768,130,True,2539,1,0,5,1488046363,,13,4,13,,1,

3020794648,3,True,2597,1,0,46,1488043328,,7,7,17,,0,

3020099678,131,False,2571,4,0,39,1488025714,,8,6,21,,0,

3019397311,2,False,2963,1,0,54,1488004738,,13,13,6,,0,

3018555591,129,False,2147,1,0,93,1487962937,,6,9,12,,0,

3018391811,2,True,5093,1,0,48,1487957519,17,19,22,25,,0,

3017742701,128,False,2748,4,0,72,1487939055,,5,10,11,,0,

3017671835,128,True,1598,4,0,32,1487936929,,1,13,5,,0,

3016993701,128,True,1984,4,0,18,1487910261,,1,5,1,,1,

3016293517,132,True,2345,1,0,44,1487869822,,11,6,8,,0,

3016103593,4,False,2765,1,0,46,1487863399,17,6,10,9,,0,

3015427265,132,True,3783,1,0,46,1487843098,,4,12,21,,0,

3015240817,4,False,2545,1,0,46,1487836092,,4,14,7,,1,

3014280499,1,False,2521,1,0,86,1487783147,,1,16,11,,0,

3014223158,3,False,1712,1,0,56,1487781131,,3,12,4,,0,

3014131160,129,False,2527,4,0,26,1487778055,,6,7,16,,0,

3013620892,3,True,3390,4,0,88,1487762747,,1,11,27,,0,

3012307297,2,True,1747,4,0,16,1487694070,,2,5,9,,1,

3010603353,131,True,1591,4,0,93,1487616149,,4,14,4,,0,

3010531681,132,False,1533,4,0,30,1487612807,,6,4,8,,0,

3010455944,2,True,2389,4,0,39,1487609890,,6,7,14,,0,

3010407698,131,True,1365,4,0,58,1487608124,,3,11,5,,0,

3008555930,3,True,2522,4,0,9,1487524108,,5,11,30,,0,

3003669661,131,False,1031,4,0,54,1487341615,,0,1,1,,0,

3002961374,1,False,1550,4,0,113,1487319438,,0,6,0,,2,

3001418720,130,True,1309,4,0,18,1487248225,,0,2,1,,2,

3001315675,129,True,2623,4,0,98,1487245053,,2,7,6,,0,

3000201425,131,True,4107,1,0,10,1487185663,,11,9,22,,0,

3000122585,0,False,2438,1,0,10,1487182317,,1,8,11,,0,

3000063989,3,False,1121,1,0,4,1487179982,,1,2,0,,1,

2999377512,4,True,2886,4,0,62,1487158429,,4,11,18,,0,

2998270774,1,True,1816,1,0,10,1487099538,,4,5,10,,0,

2998189409,1,True,2959,1,0,10,1487095957,,8,7,12,,0,

2998123175,1,False,2094,1,0,36,1487093326,,8,10,9,,0,

2996335790,0,True,3187,4,0,49,1487010869,,11,14,17,,0,

2996243141,129,False,3088,4,0,89,1487007059,,7,8,14,,0,

2994419673,4,True,2152,4,0,7,1486925394,,7,10,23,,0,

2994338724,130,False,2589,4,0,10,1486922223,,9,3,9,,0,

2993625024,130,True,705,1,0,12,1486900856,,0,2,0,,2,

2993508694,2,True,2534,4,0,36,1486897634,,15,7,21,,0,

2993408666,2,True,2215,4,0,34,1486894733,,2,9,16,,0,

2992762165,132,True,2054,4,0,62,1486874561,,5,4,20,,0,

2992199962,130,False,3207,4,0,33,1486844741,,5,9,37,,0,

2992074652,2,False,4244,4,0,71,1486839994,,5,16,35,,0,

2991947008,2,False,3034,4,0,87,1486835768,,0,15,23,,0,

2991820433,2,True,2650,4,0,35,1486831934,,8,9,19,,0,

2991735668,131,False,1670,4,0,88,1486829555,,4,6,14,,0,

2991591416,2,False,2879,4,0,55,1486825761,,3,12,35,,0,

2991193163,132,True,1382,4,0,35,1486815816,,3,3,4,,2,

2991055578,132,True,3135,4,0,104,1486812065,,3,17,14,,0,

2989440364,131,True,2162,1,0,46,1486744633,,3,8,7,,0,

2989151286,3,False,2520,4,0,14,1486736668,,1,19,10,,0,

2988654508,130,True,2456,4,0,73,1486722795,,1,20,6,,0,

2988588040,4,False,950,4,0,33,1486720413,,0,6,1,,1,

2988511540,131,False,2303,4,0,66,1486717646,,2,8,16,,0,

2988417726,132,False,2908,22,7,93,1486714199,,2,7,2,,1,

2988196554,130,True,1918,4,0,8,1486705240,,2,15,3,,0,

2988114250,2,False,2356,22,7,6,1486701119,,0,14,6,,0,

2988012397,3,False,2625,1,0,46,1486695186,,13,12,12,,0,

2987521191,130,False,2863,1,0,44,1486663908,,13,8,16,,0,

2987426116,1,False,3060,1,0,14,1486660242,,6,19,18,,0,

2987351281,3,True,2077,1,0,14,1486657614,,5,11,10,,0,

2986989336,128,False,3110,4,0,33,1486646282,17,6,7,28,,0,

2986758697,130,True,2982,1,0,14,1486639522,,4,14,19,,0,

2986480857,132,False,1912,1,0,6,1486629428,,8,2,22,,0,

2984089452,3,True,2275,1,0,93,1486523931,,14,4,17,,0,

2983744231,128,True,2203,1,0,93,1486498875,,1,13,9,,0,

2981305774,4,False,3019,1,0,25,1486398826,,6,21,15,,0,

2981143177,2,False,3074,1,0,14,1486395007,,8,14,22,,0,

2972507140,129,True,2588,22,7,98,1486188517,,1,14,8,,0,

2971316478,128,True,2887,1,0,34,1486150171,,4,12,8,,0,

2970962900,130,False,2357,22,7,93,1486141334,,28,5,13,,0,

2964259473,132,True,3151,22,7,114,1485972928,,12,10,17,,0,

2962352156,128,False,2045,1,0,110,1485935584,,6,3,23,,0,

2958877144,1,True,3049,4,0,74,1485850218,,11,1,16,,0,

2958747545,2,False,2244,4,0,48,1485847330,,2,8,2,,0,

2958451345,1,True,3429,4,0,114,1485840146,,8,11,25,,0,

2958382524,131,True,1039,1,0,104,1485838304,,0,1,0,,2,

2956947834,1,False,3434,1,0,6,1485796157,,9,17,12,,0,

2956812129,1,False,2337,1,0,30,1485793375,,4,14,12,,0,

2956635574,129,False,3018,1,0,26,1485790003,,5,6,25,,0,

2953348866,1,True,2905,1,0,114,1485712520,,9,13,12,,0,

2953164486,128,True,3210,1,0,98,1485708899,,5,15,19,,0,

2953000584,128,False,2445,1,0,17,1485705918,,13,7,15,,0,

2952849604,128,True,2162,1,0,17,1485703333,,4,17,9,,0,

2952640424,2,True,2810,1,0,114,1485699979,,9,14,15,,0,

2937310657,3,True,3282,4,0,67,1485327950,,22,7,17,,0,

2937181363,130,True,2589,4,0,34,1485322010,,4,5,17,,1,

2936586894,131,False,2822,4,0,62,1485283655,,21,4,34,,0,

2936496632,132,False,3250,4,0,25,1485279861,,17,12,22,,0,

2936418999,132,False,1388,4,0,8,1485276925,,3,1,11,,0,

2936330177,3,False,2167,4,0,76,1485273780,,1,10,3,,0,

2935305363,0,False,2975,22,7,11,1485237546,,1,11,21,,2,

2934671136,131,True,2180,4,0,8,1485198071,,5,10,7,,0,

2934606010,131,False,2173,4,0,6,1485195290,,15,8,11,,0,

2934501134,131,True,3575,4,0,83,1485191213,,3,18,12,,0,

2934396464,129,False,1504,22,7,93,1485187519,,1,3,6,,0,

2934300977,0,True,1808,22,7,48,1485184420,,8,1,19,,0,

2934172158,128,False,3233,22,7,93,1485180472,,19,9,14,,0,

2933791019,128,True,2937,22,7,20,1485168634,,2,15,17,,0,

2923983240,0,True,2667,1,0,98,1484759817,17,11,7,19,,0,

2923343979,131,True,2961,1,0,75,1484739964,17,5,12,16,,0,

2920205114,1,True,2441,1,0,98,1484591524,17,8,6,25,,0,

2919138520,2,True,3050,1,0,36,1484555205,17,2,6,4,,1,

2919051184,1,False,2257,1,0,98,1484551546,,3,14,16,,0,

2918298459,2,False,3399,1,0,46,1484507221,17,4,14,7,,0,

2918220262,3,False,2554,1,0,98,1484504064,17,3,19,1,,0,

2917390081,3,True,3887,1,0,98,1484480119,17,6,15,15,,0,

2917329676,129,True,1235,1,0,98,1484478425,17,1,4,2,,1,

2913633689,2,True,2737,1,0,98,1484336829,17,3,10,14,,0,

2913543016,4,True,2997,1,0,98,1484333015,17,6,14,18,,0,

2913491665,131,True,1211,1,0,98,1484331148,17,1,10,1,,1,

2909500210,129,True,2622,4,0,7,1484156798,17,5,8,9,,0,

2909407889,129,True,3009,4,0,12,1484153424,17,4,13,22,,0,

2905639493,131,False,2392,4,0,42,1483991055,17,12,6,13,,0,

2905562989,129,False,2336,4,0,44,1483987890,17,18,4,20,,0,

2905471242,132,False,2981,4,0,9,1483984311,,1,9,23,,0,

2905287593,131,True,2537,4,0,114,1483978050,17,8,8,10,,0,

2905078288,129,True,2430,4,0,40,1483972035,17,6,10,5,,0,

2904986864,131,True,378,4,0,2,1483969616,17,0,1,0,,1,

2904402162,130,True,2218,4,0,108,1483951788,17,2,7,6,,0,

2904209524,3,False,2616,1,0,39,1483944272,17,1,17,7,,2,

2904112370,3,True,3607,1,0,13,1483939782,17,8,15,30,,0,

2903110958,128,True,2317,1,0,13,1483890533,17,4,6,8,,0,

2902526771,129,True,2307,1,0,41,1483874642,17,3,13,7,,0,

2902024100,129,False,2366,1,0,36,1483858813,17,10,8,20,,0,

2901924510,131,False,2787,1,0,13,1483855364,17,9,9,4,,0,

2900716098,4,False,2180,22,7,43,1483804745,17,1,15,7,,0,

2897033767,132,True,2953,22,7,11,1483676060,17,0,13,13,,0,

2896999371,4,True,1361,22,7,36,1483674095,17,5,3,17,,0,

2896225440,3,False,1880,1,0,13,1483634756,17,0,9,3,,2,

2896123112,4,True,1824,22,7,11,1483631624,17,2,6,6,,0,

2895991028,128,True,1719,22,7,48,1483627929,17,1,11,2,,0,

2895888695,3,False,2000,22,7,104,1483625288,17,1,8,11,,0,

2894058441,130,True,3140,22,7,11,1483548890,17,10,8,20,,0,

2893324106,2,True,2770,22,7,31,1483528502,17,7,12,15,,0,

2892933288,2,False,3538,22,7,48,1483514819,17,5,16,18,,0,

2892855823,0,True,2818,22,7,48,1483511495,17,5,14,9,,0,

2891991852,4,False,3403,22,7,30,1483465375,17,2,15,5,,0,

2891914071,1,True,2039,22,7,48,1483462703,17,8,3,8,,0,

2890486529,3,True,2604,22,7,94,1483414556,17,11,5,13,,0,

2889902301,0,True,3167,22,7,48,1483382584,17,8,6,25,,0,

2889793476,130,True,2463,22,7,89,1483378661,17,4,10,12,,0,

2889680203,129,False,3044,1,0,11,1483374959,17,11,6,15,,0,

2889584679,128,False,2476,1,0,89,1483372058,17,6,6,22,,0,

2885186506,4,False,2375,1,0,11,1483206000,17,6,18,8,,0,

2884305955,128,False,2966,1,0,11,1483180067,17,6,7,20,,0,

2881381213,131,True,2494,1,0,11,1483076891,,4,12,7,,0,

2880718150,132,True,2279,1,0,11,1483040976,17,5,12,12,,0,

2880582149,0,True,2452,1,0,11,1483035702,17,23,3,5,,0,

2880469411,2,False,2967,22,7,11,1483031794,17,9,15,10,,0,

2880380991,129,True,2243,1,0,11,1483029007,17,8,9,7,,0,

2880279021,1,False,2535,1,0,67,1483026018,17,0,11,13,,0,

2880137488,1,False,3173,22,7,93,1483022222,17,3,11,24,,0,

2879320437,129,True,3532,1,0,9,1482997892,17,0,13,15,,0,

2879259944,0,True,1640,1,0,11,1482995647,17,5,9,3,,0,

2879106982,1,True,3420,1,0,93,1482989431,17,11,10,14,,0,

2878160840,1,False,3105,1,0,14,1482942634,17,3,12,8,,0,

2878062712,1,True,2240,1,0,93,1482939736,17,11,3,14,,0,

2877952617,2,False,2375,1,0,93,1482936755,17,3,15,13,,0,

2877406588,128,True,2556,22,7,2,1482922069,17,2,12,6,,0,

2877336950,2,True,1749,22,7,104,1482919765,17,2,2,9,,0,

2875786909,130,True,3191,1,0,89,1482852159,17,5,10,30,,0,

2875026997,3,True,4369,1,0,46,1482830759,17,8,18,9,,0,

2874949750,131,True,2434,1,0,32,1482828032,17,3,10,9,,0,

2874855479,2,True,2966,1,0,104,1482824630,17,16,5,17,,0,

2874003225,128,False,2331,1,0,94,1482781047,17,12,3,28,,0,

2873938552,132,False,1232,1,0,14,1482778425,17,1,4,3,,0,

2873832784,130,False,2777,1,0,37,1482774534,17,0,10,16,,0,

2873515161,4,True,2277,1,0,11,1482764794,17,12,9,11,,0,

2871826715,2,True,3523,1,0,6,1482697226,17,9,15,21,,0,

2871756607,128,True,2524,1,0,89,1482694124,17,3,11,8,,0,

2871666076,4,True,2572,1,0,89,1482690590,17,18,4,20,,0,

2871507268,1,True,1721,4,0,19,1482685216,17,5,3,5,,0,

2871429312,132,True,1767,4,0,44,1482682817,17,2,7,0,,0,

2870179424,4,False,2443,4,0,84,1482648619,17,1,14,9,,0,

2869004226,132,True,4066,4,0,44,1482597393,17,33,11,13,,0,

2868843290,1,False,3474,4,0,76,1482593281,17,4,17,13,,0,

2868139052,130,True,2944,4,0,22,1482575415,17,1,18,10,,0,

2867994494,128,True,2118,4,0,67,1482571008,17,9,7,13,,0,

2867901897,2,True,2413,4,0,20,1482568190,17,14,5,17,,0,

2867812771,130,True,2216,4,0,34,1482565532,17,4,14,11,,0,

2867653181,128,True,3551,1,0,5,1482560449,17,2,21,9,,0,

2867481565,1,True,2861,1,0,30,1482554211,17,13,6,26,,0,

2867415736,0,False,2435,1,0,54,1482551496,17,1,11,13,,0,

2866090294,130,True,2319,1,0,2,1482488633,17,1,14,8,,0,

2864924074,130,True,3039,1,0,94,1482431833,17,4,9,10,,0,

2864768465,130,True,3743,1,0,67,1482426402,17,13,14,38,,0,

2864684819,2,True,2030,1,0,37,1482423807,17,5,7,18,,0,

2863415576,3,False,3240,1,0,11,1482381622,17,12,10,10,,0,

2860744183,3,True,2954,1,0,37,1482259747,17,6,10,20,,0,

2860667605,132,True,2473,1,0,11,1482256851,17,7,18,10,,0,

2860529616,132,False,3304,1,0,37,1482251973,17,9,18,40,,0,

2860418727,0,False,1814,22,7,46,1482248184,17,4,14,5,,0,

2860203926,129,True,2918,22,7,37,1482242696,,4,19,28,,0,

2859651959,3,True,2221,4,0,93,1482226845,,10,8,11,,0,

2859577335,129,True,2158,4,0,50,1482224103,,4,13,14,,0,

2858373650,128,False,2904,4,0,104,1482166153,,5,14,15,,0,

2856387029,128,False,2042,4,0,70,1482085123,,3,7,3,,0,

2849900554,128,False,3025,1,0,2,1481882023,17,9,9,28,,0,

2849849374,128,True,1299,1,0,46,1481880363,17,0,7,3,,1,

2849554040,129,False,3484,1,0,46,1481870094,17,5,8,8,,4,

2848585664,129,False,3391,1,0,2,1481821587,17,17,8,16,,0,

2848466963,3,False,2383,1,0,20,1481818112,17,2,13,14,,0,

2848346150,132,False,2635,1,0,32,1481814904,17,8,8,17,,0,

2846547008,1,False,2805,1,0,28,1481745483,17,6,15,8,,0,

2846449016,2,True,3028,1,0,46,1481741489,17,11,6,16,,0,

2846348271,0,False,2786,1,0,13,1481738142,17,6,13,17,,0,

2846301932,4,False,783,4,0,33,1481736730,17,1,4,2,,1,

2845073288,130,False,3202,1,0,46,1481705489,17,6,10,13,,0,

2845001137,3,False,2184,1,0,46,1481702896,17,10,6,4,,1,

2843859442,129,False,2396,1,0,48,1481651551,17,7,6,5,,0,

2843672144,1,True,3662,1,0,39,1481646701,17,10,11,22,,0,

2843577244,129,False,1952,1,0,44,1481644447,17,6,5,21,,0,

2843429203,129,False,2776,1,0,46,1481641278,17,15,8,10,,0,

2842631011,131,False,3272,1,0,46,1481624167,17,9,15,12,,0,

2841631096,128,True,2183,1,0,8,1481570995,17,4,9,14,,0,

2841550637,0,False,2635,1,0,63,1481567867,17,3,20,14,,0,

2841458197,128,False,2918,1,0,94,1481564594,17,3,9,15,,0,

2841378307,128,False,2119,1,0,46,1481561982,17,4,5,13,,0,

2840008656,3,True,2873,1,0,46,1481519856,17,6,10,26,,0,

2839071925,128,True,2905,1,0,8,1481475618,17,4,17,9,,0,

2838957006,128,True,2554,1,0,48,1481472439,17,7,9,11,,0,

2838806961,129,True,3027,1,0,48,1481468610,17,7,12,22,,0,

2836614874,130,True,2127,1,0,46,1481396311,17,5,8,9,,0,

2836518828,2,True,2057,1,0,7,1481393225,17,6,10,21,,0,

2836428835,130,True,2386,1,0,71,1481390550,17,6,13,17,,0,

2836292885,2,False,3117,1,0,84,1481386985,17,10,8,23,,0,

2835598533,3,True,3166,1,0,39,1481372601,17,11,13,19,,0,

2835356801,128,False,2005,1,0,93,1481366650,17,5,5,11,,0,

2835262425,132,True,1917,1,0,8,1481364048,17,1,10,1,,0,

2832528471,132,True,2208,1,0,39,1481269902,17,8,11,6,,1,

2832459019,3,True,2255,1,0,8,1481267290,,12,6,11,,0,

2832379975,4,True,2341,1,0,8,1481264115,17,6,5,11,,0,

2830675717,0,False,1942,1,0,9,1481194017,17,6,10,2,,0,

2830515283,1,False,3203,1,0,26,1481188263,17,5,17,19,,1,

2830438431,2,True,2544,1,0,71,1481185377,17,9,7,31,,0,

2829592409,129,False,2182,1,0,39,1481137964,17,12,2,14,,0,

2829504512,1,False,3243,1,0,76,1481134231,,6,11,14,,0,

2829435534,1,True,2199,1,0,97,1481131500,17,9,7,20,,0,

2829336755,1,True,2898,1,0,41,1481127827,17,15,10,22,,0,

2829209071,2,False,3784,1,0,89,1481123547,17,10,10,22,,0,

2828062858,129,True,2183,1,0,46,1481084415,17,4,14,4,,2,

2827555218,128,True,2277,1,0,8,1481052286,17,3,13,8,,0,

2827478148,3,True,2852,1,0,8,1481049035,17,4,10,10,,0,

2827416640,4,True,2853,1,0,89,1480489840,,11,4,32,,0,

2812113897,130,False,2781,1,0,46,1480446879,,7,9,14,,0,

2812000626,1,True,3684,1,0,94,1480442394,,14,9,15,,0,

2810989888,130,False,2275,1,0,48,1480411865,,8,8,13,,0,

2809711420,131,True,2620,1,0,5,1480348317,,7,9,19,,0,

2809591316,3,True,2988,1,0,4,1480344767,,20,10,13,,0,

2809122639,129,True,2893,1,0,5,1480331600,,4,17,8,,2,

2806395552,3,True,2604,1,0,89,1480229030,,6,5,15,,0,

2805091571,0,False,4690,1,0,5,1480177415,,13,14,17,,1,

2804955735,0,False,2446,4,0,60,1480174120,,4,11,16,,0,

2804857305,129,True,1522,4,0,54,1480171880,,1,13,3,,0,

2804724116,131,True,1717,1,0,41,1480168910,,1,5,3,,0,

2801293766,129,False,2753,1,0,67,1480053218,,8,12,24,,0,

2799454960,0,False,3825,1,0,93,1479977884,,13,14,13,,0,

2799310085,0,True,2956,1,0,4,1479972133,,11,6,16,,0,

2799224047,130,False,3080,1,0,67,1479968408,,10,6,13,,0,

2799152988,4,False,2814,1,0,22,1479965070,,4,18,19,,0,

2798412805,128,False,2487,1,0,9,1479923076,,4,11,18,,0,

2798343719,128,False,1998,1,0,67,1479920599,,8,4,15,,0,

2798270910,129,True,1926,1,0,48,1479918136,,6,12,12,,0,

2798129428,2,False,3701,1,0,87,1479913831,,2,21,19,,0,

2798063079,129,True,873,4,0,105,1479911989,,0,1,0,,1,

2797943831,1,False,2385,4,0,90,1479908842,,6,12,9,,0,

2796480993,1,True,3065,1,0,67,1479839422,,10,14,18,,0,

2796413413,3,False,2004,4,0,63,1479836800,,3,14,6,,0,

2796315913,129,False,2799,4,0,97,1479833294,,3,9,16,,0,

2796023777,2,True,1770,1,0,27,1479824583,,2,3,10,,0,

2795683988,3,False,2608,1,0,13,1479815526,,5,15,7,,0,

2795007885,129,True,1708,1,0,13,1479788024,,2,13,4,,1,

2794272927,4,True,1856,4,0,44,1479747150,,4,3,13,,0,

2794171012,2,True,2855,4,0,8,1479743745,,7,4,19,,0,

2794146426,132,False,3170,4,0,81,1479742975,,0,4,0,,1,

2793528520,0,False,2552,4,0,93,1479725359,,13,7,9,,0,

2793105424,131,True,2747,4,0,63,1479707962,,8,13,13,,0,

2792263321,4,True,3887,4,0,69,1479662154,,10,11,35,,0,

2792092863,1,False,3170,4,0,43,1479656971,,8,14,21,,0,

2791105738,130,True,1244,4,0,32,1479631725,,0,0,0,,2,

2790948188,132,True,1621,4,0,72,1479627386,,6,7,4,,0,

2790671976,129,True,1886,1,0,46,1479618945,,6,8,6,,0,

2789857254,1,False,2290,1,0,9,1479582012,,2,13,5,,0,

2789710124,1,True,2437,1,0,9,1479577612,,4,2,11,,0,

2789591969,4,True,2528,1,0,52,1479574448,,11,4,18,,0,

2789401309,131,True,2488,1,0,67,1479569822,,1,13,16,,0,

2788275545,129,False,2750,1,0,4,1479541396,,11,8,14,,0,

2788176200,3,True,2052,1,0,94,1479538321,,4,1,4,,0,

2788046105,4,True,2589,1,0,9,1479534013,,14,4,14,,0,

2787010183,130,True,2545,1,0,67,1479487480,,0,8,7,,0,

2786881452,130,True,2963,1,0,5,1479483994,,6,13,15,,0,

2786761229,128,True,2387,1,0,54,1479481026,,2,11,8,,0,

2781889381,3,True,2393,1,0,67,1479287932,,11,3,14,,0,

2779839215,0,False,1958,1,0,41,1479201022,,7,10,4,,0,

2779762436,129,False,2301,1,0,5,1479197949,,10,1,18,,0,

2779456675,130,True,1668,1,0,41,1479183407,,2,5,8,,1,

2779425362,129,True,2602,1,0,41,1479181684,,0,4,0,,3,

2777663795,129,False,3383,1,0,46,1479108630,,15,7,18,,0,

2776794688,132,False,3396,1,0,43,1479061143,,15,7,11,,0,

2776712776,0,True,2140,1,0,41,1479058353,,13,3,9,,0,

2776508680,3,True,3056,1,0,29,1479052195,,3,6,29,,0,

2770130217,130,True,2859,1,0,41,1478843465,,13,10,6,,0,

2769961538,131,True,2460,1,0,5,1478835028,,9,7,11,,0,

2769222225,132,False,3013,1,0,41,1478794614,,12,8,18,,0,

2767456026,2,False,2872,1,0,5,1478716903,,4,10,10,,0,

2767374429,130,True,2768,1,0,5,1478713656,,6,8,10,,0,

2765257217,2,True,919,1,0,46,1478622253,,1,1,2,,0,

2765183211,2,False,1954,1,0,46,1478619863,,1,12,9,,0,

2765110855,128,True,1776,1,0,9,1478617695,,1,13,8,,0,

2764344728,131,False,2951,1,0,43,1478593694,,10,9,12,,0,

2761092561,132,True,2536,1,0,29,1478447172,,0,10,8,,0,

2760497555,3,True,3234,1,0,23,1478432239,,2,14,18,,0,

2755039037,131,False,2710,1,0,46,1478252104,,2,12,16,,0,

2752631851,129,True,1421,4,0,31,1478147095,,1,5,2,,0,

2752587494,128,True,1639,4,0,71,1478144809,,2,12,1,,0,

2751729280,0,False,2263,1,0,46,1478102278,,3,9,4,,0,

2751647819,128,True,1848,1,0,13,1478099947,,4,12,1,,0,

2677425343,128,False,704,1,0,31,1475177252,,1,3,1,,1,

2674047924,0,True,2965,1,0,94,1475044555,,2,12,17,,0,

2667764575,128,True,2675,1,0,63,1474785749,,10,9,11,,1,

2666366617,3,True,1740,1,0,93,1474731995,,3,3,13,,0,

2654096768,128,True,2887,1,0,2,1474228149,,4,17,7,,0,

2654040847,1,True,1940,1,0,2,1474225712,,7,3,2,,0,

2653975023,2,False,2099,1,0,93,1474223103,,3,8,6,,0,

2653875259,0,False,3080,1,0,31,1474219562,,3,17,9,,0,

2653776167,129,True,2770,1,0,43,1474216365,,9,9,7,,0,

2652888177,128,True,2234,1,0,36,1474192922,,3,13,6,,0,

2651058403,2,True,3981,1,0,31,1474124448,,6,10,17,,0,

2650335667,132,True,1538,1,0,31,1474106595,,3,13,7,,0,

2650162465,2,False,2481,1,0,3,1474101747,,3,16,5,,0,

2649761176,3,False,2970,1,0,31,1474089762,,5,14,20,,0,

2648814064,128,False,2630,1,0,31,1474046573,,5,6,18,,0,

2647562504,3,True,2693,1,0,93,1474012312,,6,7,12,,0,

2647316147,1,True,3373,1,0,4,1474003710,,28,9,13,,0,

2646614435,2,True,2163,1,0,93,1473965082,,5,3,15,,0,

2646548639,2,False,2073,1,0,43,1473962695,,3,14,8,,0,

2646429763,1,False,3319,1,0,93,1473958787,,15,9,6,,0,

2646341024,131,True,2294,1,0,61,1473956147,,4,14,3,,0,

2646162161,3,False,1968,1,0,36,1473951412,,3,10,4,,0,

2644147179,129,False,3709,1,0,93,1473871051,,3,19,5,,0,

2644014889,3,True,1973,1,0,36,1473866297,,5,8,30,,0,

2642365323,132,True,2883,1,0,43,1473794098,,3,13,12,,0,

2642189755,1,False,2780,1,0,93,1473787192,,1,16,10,,0,

2642112257,132,True,2196,1,0,35,1473784541,,3,18,2,,0,

2642004091,129,False,2546,1,0,43,1473781161,,4,8,18,,0,

2641532530,1,False,3199,1,0,43,1473768632,,15,18,16,,0,

